authid,prompt_strategy,true_cEXT,true_cNEU,true_cAGR,true_cCON,true_cOPN,pred_cEXT,pred_cNEU,pred_cAGR,pred_cCON,pred_cOPN
1997_568848.txt,cot,y,n,y,y,n,y,n,y,n,y
1997_605191.txt,cot,n,n,y,n,n,n,n,y,n,y
1997_504851.txt,cot,n,y,y,n,y,y,n,y,n,y
1997_687252.txt,cot,n,y,n,y,y,n,n,y,n,y
1997_688160.txt,cot,y,n,y,n,y,y,n,y,n,y
1997_722902.txt,cot,y,n,y,n,y,y,n,y,n,y
1997_628043.txt,cot,y,y,n,y,y,y,y,y,n,y
1997_724794.txt,cot,n,n,n,y,y,n,y,y,n,y
1997_724708.txt,cot,n,n,y,n,n,y,n,y,n,y
1997_708036.txt,cot,y,y,y,y,n,y,n,y,n,y
1997_665915.txt,cot,y,y,y,y,y,y,n,y,n,y
1997_820679.txt,cot,n,n,n,n,n,n,n,y,n,y
1997_606357.txt,cot,n,n,y,y,n,y,n,y,n,y
1997_780901.txt,cot,n,y,n,n,n,n,n,y,n,y
1997_606398.txt,cot,n,y,y,n,n,y,n,y,n,y
1997_111389.txt,cot,y,n,y,n,n,y,y,y,n,y
1997_430457.txt,cot,n,n,y,y,y,y,n,y,n,y
1997_196603.txt,cot,n,n,n,n,y,n,n,y,n,y
1997_475795.txt,cot,y,y,y,n,y,y,n,y,n,y
1997_636228.txt,cot,n,n,y,n,y,y,n,y,n,y
1997_356326.txt,cot,n,n,y,n,n,y,y,y,n,y
1997_530565.txt,cot,n,y,y,n,y,n,y,y,n,y
1997_378670.txt,cot,n,y,y,y,n,y,n,y,n,y
1997_814703.txt,cot,y,n,y,y,n,y,n,y,n,y
1997_472441.txt,cot,y,n,y,y,y,y,n,y,n,y
1997_339562.txt,cot,y,n,y,y,n,y,y,y,n,y
1997_767473.txt,cot,y,y,n,n,y,n,n,y,n,y
1997_743186.txt,cot,y,y,n,y,y,n,y,y,n,y
1997_760578.txt,cot,y,n,y,y,n,y,n,y,n,y
1997_747589.txt,cot,y,y,y,n,y,y,n,y,n,y
1997_882637.txt,cot,n,y,n,n,n,y,n,y,n,y
1997_821162.txt,cot,n,y,n,y,y,y,n,y,n,y
1997_748062.txt,cot,y,y,y,n,y,n,y,y,n,y
1997_867722.txt,cot,n,y,n,n,n,n,y,y,n,y
1997_784675.txt,cot,y,n,y,y,y,y,n,y,n,y
1997_665910.txt,cot,y,n,n,y,y,y,n,y,n,y
1997_660638.txt,cot,y,n,y,n,y,n,n,y,n,y
1997_881327.txt,cot,n,y,y,n,n,y,n,y,n,y
1997_704970.txt,cot,n,n,n,n,y,y,n,y,n,y
1997_884710.txt,cot,y,y,n,y,y,y,n,y,n,y
1997_880321.txt,cot,n,y,n,y,n,y,y,y,n,y
1997_336857.txt,cot,n,y,y,n,y,y,n,y,n,y
1997_311198.txt,cot,n,y,n,n,n,y,n,y,n,y
1997_378661.txt,cot,n,n,n,n,y,y,n,y,n,y
1997_693196.txt,cot,y,n,y,n,n,y,n,y,n,y
1997_394566.txt,cot,y,y,y,n,y,y,n,y,n,y
1997_677691.txt,cot,y,n,y,n,n,y,n,y,n,y
1997_419343.txt,cot,y,n,n,y,n,n,y,y,n,y
1997_473952.txt,cot,y,n,y,n,n,y,n,y,n,y
1997_847162.txt,cot,y,n,n,y,n,y,n,y,n,y
1997_904901.txt,cot,y,n,y,y,y,y,n,y,n,y
1997_821194.txt,cot,n,n,y,y,n,y,y,y,n,y
1997_339543.txt,cot,y,n,y,y,y,n,y,y,n,y
1997_451062.txt,cot,y,y,y,n,n,n,y,y,n,y
1997_490124.txt,cot,n,n,y,y,n,n,y,y,n,y
1997_476707.txt,cot,n,y,n,y,n,y,n,y,n,y
1997_492073.txt,cot,n,n,n,n,n,n,n,y,n,y
1997_595469.txt,cot,y,n,y,n,y,y,n,y,n,y
1997_597598.txt,cot,y,y,y,n,y,n,n,y,n,y
1997_739678.txt,cot,y,n,n,y,y,y,n,y,n,y
1997_677293.txt,cot,y,n,n,y,y,y,n,y,n,y
1997_855808.txt,cot,n,n,n,y,y,n,n,y,y,y
1997_858052.txt,cot,y,n,n,y,n,y,y,y,n,y
1997_872282.txt,cot,y,n,y,y,n,n,y,y,n,y
1997_854291.txt,cot,y,y,y,y,y,n,y,y,n,y
1997_754654.txt,cot,n,y,y,n,y,y,n,y,n,y
1997_953313.txt,cot,n,y,n,n,n,n,y,y,n,y
1997_898394.txt,cot,y,y,n,y,y,y,y,y,n,y
1997_454962.txt,cot,n,n,n,n,y,y,y,y,n,y
1997_732894.txt,cot,n,n,y,y,n,y,n,y,n,y
1997_499267.txt,cot,n,n,n,n,n,y,n,y,n,y
1997_913103.txt,cot,y,y,n,n,y,y,n,y,n,y
1997_857525.txt,cot,y,y,y,n,n,y,n,y,n,y
1997_919361.txt,cot,y,n,n,n,y,n,y,y,n,y
1997_913224.txt,cot,n,n,n,n,n,y,n,y,n,y
1997_897072.txt,cot,y,n,n,n,n,n,y,y,n,y
1997_499606.txt,cot,n,y,n,y,n,n,y,y,n,y
1997_475230.txt,cot,y,n,y,y,y,y,y,y,n,y
1997_417075.txt,cot,y,n,y,y,y,y,n,y,n,y
1997_938066.txt,cot,n,n,n,n,y,y,n,y,n,y
1997_497680.txt,cot,n,y,y,n,y,n,n,y,n,y
1997_568086.txt,cot,y,n,y,y,y,n,n,y,n,y
1997_572720.txt,cot,y,n,y,y,y,y,n,y,n,y
1997_752353.txt,cot,y,n,y,y,n,y,n,y,n,y
1997_579130.txt,cot,n,y,y,n,y,y,y,y,n,y
1997_819809.txt,cot,y,n,n,y,n,n,n,y,n,y
1997_813369.txt,cot,n,y,y,y,n,y,n,y,n,y
1997_736454.txt,cot,n,y,n,y,n,n,y,y,n,y
1997_897420.txt,cot,n,y,n,n,n,y,n,y,n,y
1997_831768.txt,cot,n,n,n,n,y,n,y,n,n,y
1997_870133.txt,cot,n,n,n,n,y,n,n,y,n,y
1997_934160.txt,cot,n,y,n,n,y,n,n,y,n,y
1997_952275.txt,cot,n,n,n,y,y,y,n,y,n,y
1997_450562.txt,cot,n,y,n,y,y,y,n,y,n,y
1997_491971.txt,cot,n,y,n,n,y,n,y,y,n,y
1997_496933.txt,cot,y,y,y,n,y,y,n,y,n,y
1997_511579.txt,cot,y,n,y,y,n,y,n,y,n,y
1997_597205.txt,cot,n,y,y,n,n,y,y,y,n,y
1997_778356.txt,cot,y,y,n,y,n,y,n,y,n,y
1997_679495.txt,cot,n,n,n,n,n,n,y,y,n,y
1997_750977.txt,cot,n,n,y,n,n,y,n,y,n,y
1997_750427.txt,cot,n,y,n,n,n,y,n,y,n,y
1997_910659.txt,cot,n,n,y,y,n,n,y,y,n,y
1997_890630.txt,cot,y,y,n,y,n,n,y,y,n,y
1997_971112.txt,cot,y,n,y,y,y,y,n,y,n,y
1997_992649.txt,cot,y,n,n,n,y,n,n,y,y,y
1997_473999.txt,cot,y,n,n,y,n,y,y,y,n,y
1997_650973.txt,cot,n,n,y,y,n,y,n,y,n,y
1997_471070.txt,cot,n,y,n,n,y,y,y,y,n,y
1997_870336.txt,cot,n,y,n,n,n,n,y,y,n,y
1997_830141.txt,cot,n,n,y,n,y,y,n,y,n,y
1997_835717.txt,cot,n,y,n,y,y,n,n,y,n,y
1997_653713.txt,cot,n,n,n,y,n,y,n,y,n,y
1997_890127.txt,cot,y,n,y,n,y,y,n,y,n,y
1997_913820.txt,cot,y,y,y,n,y,n,y,y,n,y
1997_916622.txt,cot,y,n,n,y,n,n,n,y,y,y
1997_917639.txt,cot,y,n,y,y,y,y,n,y,n,y
1997_950779.txt,cot,y,y,y,n,y,n,y,y,n,y
1997_950082.txt,cot,n,n,y,n,n,y,y,y,n,y
1997_976604.txt,cot,y,n,y,y,n,y,n,y,n,y
1997_959163.txt,cot,n,y,y,n,y,n,y,y,n,y
1997_435058.txt,cot,y,n,y,y,y,y,n,y,n,y
1997_854391.txt,cot,y,n,y,n,n,n,n,y,n,y
1997_452377.txt,cot,y,y,n,y,n,y,y,y,n,y
1997_978989.txt,cot,y,y,y,y,n,y,n,y,n,y
1997_552216.txt,cot,y,y,y,y,n,y,n,y,n,y
1997_595934.txt,cot,n,y,n,y,n,n,y,y,n,y
1997_654932.txt,cot,y,y,y,n,y,y,y,y,n,y
1997_714973.txt,cot,n,y,n,n,y,n,y,n,n,y
1997_673123.txt,cot,n,y,y,y,y,n,y,y,n,y
1997_739542.txt,cot,y,y,n,y,n,y,y,n,n,y
1997_815468.txt,cot,n,y,n,n,n,n,y,y,n,y
1997_819301.txt,cot,y,y,y,y,n,y,n,y,n,y
1997_834761.txt,cot,y,n,n,n,n,y,n,y,n,y
1997_857408.txt,cot,n,y,n,n,n,y,y,y,n,y
1997_455853.txt,cot,n,y,n,y,n,n,y,y,n,y
1997_917210.txt,cot,n,y,n,n,n,y,n,y,n,y
1997_937003.txt,cot,y,y,y,n,n,y,y,y,n,y
1997_953720.txt,cot,n,n,n,y,n,n,y,y,n,y
1997_954441.txt,cot,y,y,n,n,y,n,n,y,n,y
1997_972805.txt,cot,y,y,n,y,y,n,y,y,n,y
1997_551651.txt,cot,y,y,n,y,n,n,y,y,n,y
1997_475931.txt,cot,y,y,y,n,n,y,y,y,n,y
1997_556474.txt,cot,y,n,y,y,y,y,n,y,n,y
1997_697427.txt,cot,n,y,y,y,y,n,n,y,n,y
1997_678907.txt,cot,y,n,n,y,n,y,n,y,n,y
1997_652829.txt,cot,y,n,y,y,n,n,y,y,n,y
1997_696460.txt,cot,y,n,y,n,n,y,y,y,n,y
1997_736254.txt,cot,y,y,n,n,y,n,y,y,n,y
1997_771125.txt,cot,n,n,n,n,n,n,n,y,n,y
1997_797745.txt,cot,y,n,y,n,n,y,n,y,n,y
1997_816150.txt,cot,n,n,y,n,n,y,n,y,n,y
1997_854163.txt,cot,n,n,n,n,y,n,y,y,n,y
1997_877563.txt,cot,y,n,y,n,n,n,n,y,n,y
1997_878676.txt,cot,y,y,y,y,y,n,y,y,n,y
1997_733444.txt,cot,n,y,n,n,n,y,n,y,n,y
1997_878492.txt,cot,n,y,n,y,n,n,y,n,n,y
1997_892321.txt,cot,y,n,y,n,n,y,n,y,n,y
1997_914301.txt,cot,n,y,y,y,n,y,y,y,n,y
1997_453155.txt,cot,y,n,y,n,n,y,n,y,n,y
1997_936626.txt,cot,y,y,n,y,y,y,n,y,n,y
1997_592869.txt,cot,y,n,y,y,n,y,y,y,n,y
1997_459891.txt,cot,y,n,n,y,n,y,n,y,n,y
1997_571199.txt,cot,n,n,y,y,n,n,n,y,n,y
1997_652904.txt,cot,n,y,n,y,y,y,n,y,n,y
1997_890898.txt,cot,n,y,y,y,n,y,n,y,n,y
1997_896354.txt,cot,n,y,n,n,y,n,y,y,n,y
1997_917937.txt,cot,y,y,y,y,y,y,y,y,n,y
1997_736918.txt,cot,n,y,n,y,y,y,n,y,n,y
1997_513925.txt,cot,y,y,y,y,n,y,n,y,n,y
1997_893217.txt,cot,y,n,y,y,y,y,n,y,n,y
1997_931356.txt,cot,y,y,y,y,n,y,y,y,n,y
1997_490275.txt,cot,n,y,n,n,y,y,n,y,n,y
1997_416158.txt,cot,y,y,y,n,n,n,y,y,n,y
1997_451854.txt,cot,n,y,n,n,n,n,y,n,n,y
1997_519447.txt,cot,y,y,n,y,y,y,n,y,n,y
1997_675485.txt,cot,y,n,y,n,y,y,n,y,n,y
1997_898660.txt,cot,y,y,n,y,y,n,y,y,n,y
1997_918806.txt,cot,n,y,n,n,n,n,n,y,n,y
1997_856276.txt,cot,n,y,n,y,n,n,y,y,n,y
1997_913139.txt,cot,n,n,n,y,y,n,y,y,n,y
1997_957036.txt,cot,y,n,n,n,n,n,y,y,n,y
1997_996255.txt,cot,n,y,y,n,y,y,n,y,n,y
1997_596970.txt,cot,y,y,n,y,n,y,n,y,n,y
1997_478467.txt,cot,n,y,n,n,n,n,n,y,n,y
1997_832991.txt,cot,n,n,y,y,n,n,n,y,y,y
1997_716840.txt,cot,y,n,y,n,y,y,n,y,n,y
1997_897862.txt,cot,y,y,y,n,n,y,n,y,n,y
1997_835686.txt,cot,y,y,y,n,y,y,y,y,n,y
1997_953451.txt,cot,y,n,y,y,y,y,n,y,n,y
1997_917491.txt,cot,n,y,y,y,y,n,y,n,n,y
1997_871531.txt,cot,n,y,y,y,y,y,n,y,n,y
1997_973910.txt,cot,y,n,y,y,n,n,y,y,n,y
1997_396947.txt,cot,y,n,n,n,y,y,y,y,n,y
1997_474191.txt,cot,y,y,n,n,n,y,y,y,n,y
1997_454257.txt,cot,n,y,n,y,n,n,y,y,n,y
1997_558185.txt,cot,y,y,n,n,y,y,n,y,n,y
1997_575279.txt,cot,y,y,y,y,y,y,n,y,n,y
1997_574472.txt,cot,n,y,n,n,y,n,y,y,n,y
1997_672345.txt,cot,y,y,n,n,y,y,n,y,n,y
1997_731545.txt,cot,n,n,y,n,n,y,n,y,n,y
1997_736630.txt,cot,y,n,n,n,y,y,n,y,n,y
1997_756297.txt,cot,n,y,n,n,n,y,y,y,n,y
1997_658841.txt,cot,y,n,y,y,y,y,n,y,n,y
1997_819346.txt,cot,n,n,n,n,n,y,y,n,n,y
1997_859701.txt,cot,n,y,n,n,y,y,n,y,n,y
1997_874080.txt,cot,n,y,n,n,n,n,y,n,n,y
1997_878422.txt,cot,y,y,n,n,y,n,y,y,n,y
1997_916538.txt,cot,y,n,y,y,y,y,n,y,n,y
1997_873493.txt,cot,n,y,n,y,y,y,n,y,n,y
1997_470418.txt,cot,y,n,n,y,y,n,y,y,n,y
1997_479089.txt,cot,y,n,y,y,n,y,n,y,n,y
1997_514574.txt,cot,y,n,y,y,y,y,y,y,n,y
1997_735082.txt,cot,n,y,n,y,n,y,n,y,n,y
1997_674797.txt,cot,n,n,n,n,y,n,n,y,n,y
1997_735238.txt,cot,y,y,y,n,n,n,y,y,n,y
1997_819953.txt,cot,n,n,y,y,y,n,y,y,n,y
1997_657222.txt,cot,y,y,n,y,y,y,n,y,n,y
1997_915687.txt,cot,y,n,y,y,n,y,y,y,n,y
1997_936666.txt,cot,y,y,n,y,y,y,n,y,n,y
1997_956061.txt,cot,y,n,y,y,n,y,n,y,n,y
1997_410675.txt,cot,n,y,y,n,n,y,n,y,n,y
1997_579195.txt,cot,n,n,y,y,y,n,y,y,n,y
1997_991545.txt,cot,n,n,n,y,n,y,n,y,n,y
1997_696801.txt,cot,y,n,y,y,y,y,y,y,n,y
1997_657978.txt,cot,n,y,y,y,n,y,n,y,n,y
1997_697491.txt,cot,n,y,y,y,n,n,y,y,n,y
1997_736368.txt,cot,y,n,y,n,n,y,n,y,n,y
1997_856670.txt,cot,y,n,y,n,y,y,n,y,n,y
1997_898021.txt,cot,n,y,n,y,y,y,y,y,n,y
1997_853759.txt,cot,n,y,y,y,n,n,y,y,n,y
1997_918357.txt,cot,n,y,y,n,n,y,y,y,n,y
1997_991961.txt,cot,n,n,y,n,y,y,n,y,n,y
1997_675028.txt,cot,y,n,n,y,n,y,y,y,n,y
1997_430172.txt,cot,n,n,y,y,n,n,y,y,n,y
1997_696062.txt,cot,n,y,y,n,y,n,n,y,n,y
1997_758922.txt,cot,y,y,n,y,n,y,y,y,n,y
1997_732418.txt,cot,y,n,n,n,n,y,n,y,n,y
1997_798633.txt,cot,y,y,y,y,n,y,n,n,n,y
1997_911224.txt,cot,n,y,n,y,y,n,n,n,n,y
1997_833350.txt,cot,n,y,n,n,n,y,y,y,n,y
1997_450911.txt,cot,n,n,y,n,y,y,n,y,n,y
1997_473319.txt,cot,n,y,y,n,y,n,y,y,n,y
1997_819345.txt,cot,y,n,y,y,y,y,y,y,n,y
1997_813079.txt,cot,n,n,n,y,n,n,y,y,n,y
1997_597376.txt,cot,y,n,y,y,n,y,n,y,n,y
1997_930834.txt,cot,y,n,n,y,y,n,n,y,n,y
1997_451038.txt,cot,n,n,y,y,n,y,n,y,n,y
1997_992092.txt,cot,y,y,y,n,n,y,n,y,n,y
1997_458896.txt,cot,y,n,y,n,y,n,y,n,n,y
1997_477159.txt,cot,n,n,n,y,n,y,n,y,n,y
1997_570131.txt,cot,y,n,y,y,n,y,y,y,n,y
1997_577009.txt,cot,y,n,n,y,n,n,n,y,n,y
1997_736518.txt,cot,y,y,n,y,y,n,y,y,n,y
1997_797908.txt,cot,y,n,y,n,y,y,n,y,n,y
1997_897973.txt,cot,y,y,n,y,y,y,n,y,n,y
1997_794682.txt,cot,y,n,y,y,y,y,y,y,n,y
1997_970131.txt,cot,n,n,y,y,n,y,y,y,n,y
1997_979571.txt,cot,n,y,n,n,y,y,y,y,n,y
1997_456077.txt,cot,y,y,y,y,n,y,n,y,n,y
1997_813043.txt,cot,y,n,y,y,y,y,n,y,n,y
1997_536654.txt,cot,y,n,n,y,y,n,n,y,n,y
1997_830801.txt,cot,n,y,n,n,n,y,y,y,n,y
1997_878282.txt,cot,y,n,n,n,n,y,n,y,n,y
1997_857069.txt,cot,y,y,y,y,y,y,y,y,n,y
1997_872596.txt,cot,y,n,y,y,n,y,n,y,n,y
1997_935249.txt,cot,y,y,y,n,n,n,y,y,n,y
1997_451150.txt,cot,n,y,n,n,y,y,n,y,n,y
1997_539448.txt,cot,n,y,n,y,n,y,n,y,n,y
1997_477443.txt,cot,n,y,y,y,n,y,n,y,n,y
1997_510841.txt,cot,n,y,n,n,y,y,y,y,n,y
1997_578488.txt,cot,n,y,y,n,y,y,y,y,n,y
1997_598253.txt,cot,y,n,n,y,y,y,y,y,n,y
1997_750691.txt,cot,n,y,y,y,n,y,y,y,n,y
1997_890789.txt,cot,n,y,y,n,y,y,n,y,n,y
1997_790253.txt,cot,n,y,n,n,y,y,n,y,n,y
1997_835938.txt,cot,n,y,n,y,n,y,n,y,n,y
1997_956235.txt,cot,n,y,y,y,n,n,y,y,n,y
1997_891831.txt,cot,n,n,y,n,n,n,y,y,n,y
1997_555388.txt,cot,y,n,y,n,y,y,n,y,n,y
1997_512804.txt,cot,n,y,n,n,n,y,n,y,n,y
1997_499042.txt,cot,y,y,y,y,y,y,y,y,n,y
1997_651413.txt,cot,n,y,y,n,n,y,n,y,n,y
1997_758039.txt,cot,n,n,n,n,n,y,n,y,n,y
1997_777805.txt,cot,y,n,y,n,y,y,y,y,n,y
1997_872817.txt,cot,n,n,y,n,n,y,y,y,n,y
1997_891464.txt,cot,n,y,y,n,n,y,n,y,n,y
1997_894347.txt,cot,y,n,n,y,n,y,y,y,n,y
1997_899272.txt,cot,y,y,y,y,n,y,n,y,n,y
1997_910412.txt,cot,n,y,n,n,y,n,y,y,n,y
1997_835986.txt,cot,y,n,y,y,n,y,n,y,n,y
1997_919223.txt,cot,n,y,y,y,n,y,y,n,n,y
1997_935738.txt,cot,n,n,y,y,y,n,n,y,n,y
1997_950322.txt,cot,n,y,n,n,y,y,y,y,n,y
1997_806274.txt,cot,n,n,n,n,y,y,n,y,n,y
1997_964636.txt,cot,y,y,y,n,n,y,n,y,n,y
1997_801472.txt,cot,n,n,y,n,y,n,n,y,n,y
1997_178075.txt,cot,y,n,y,y,n,y,y,y,n,y
1997_255728.txt,cot,n,n,y,y,n,n,y,y,n,y
1997_318159.txt,cot,y,n,y,y,n,y,n,y,n,y
1997_848404.txt,cot,n,n,n,n,y,y,n,y,n,y
1997_887984.txt,cot,y,y,y,y,y,n,y,y,n,y
1997_233350.txt,cot,n,n,y,y,y,n,y,y,n,y
1997_727234.txt,cot,y,y,y,y,n,y,n,y,n,y
1997_634976.txt,cot,n,n,y,n,n,y,y,y,n,y
1997_612557.txt,cot,n,y,y,y,n,y,y,y,n,y
1997_790797.txt,cot,y,y,y,n,n,y,y,y,n,y
1997_731982.txt,cot,n,n,y,n,n,n,y,y,n,y
1997_697536.txt,cot,y,n,y,y,y,y,n,y,n,y
1997_435972.txt,cot,n,n,n,n,n,y,n,y,n,y
1997_434159.txt,cot,y,y,n,n,n,y,n,y,n,y
1997_791837.txt,cot,y,y,y,y,n,n,n,y,n,y
1997_518093.txt,cot,n,n,y,y,y,y,n,y,n,y
1997_262585.txt,cot,n,y,n,y,y,n,y,y,n,y
1997_783160.txt,cot,y,n,y,y,y,y,n,y,n,y
1997_030596.txt,cot,y,y,y,y,y,y,y,y,n,y
1997_101670.txt,cot,y,y,n,n,n,n,y,n,n,y
1997_070317.txt,cot,n,n,n,n,n,y,y,y,n,y
1997_369589.txt,cot,y,n,n,n,y,y,y,y,n,y
1997_147396.txt,cot,n,y,n,n,y,y,n,y,n,y
1997_202481.txt,cot,n,n,y,y,y,n,y,y,n,y
1997_409960.txt,cot,n,y,n,n,n,y,y,y,n,y
1997_053414.txt,cot,y,n,y,y,y,y,n,y,n,y
1997_058607.txt,cot,n,y,n,n,y,n,n,y,n,y
1997_266831.txt,cot,y,y,y,n,n,n,n,y,n,y
1997_012113.txt,cot,y,n,y,y,n,y,n,y,n,y
1997_074063.txt,cot,n,y,n,n,y,n,y,y,n,y
1997_057160.txt,cot,y,n,y,y,y,n,y,y,n,y
1997_165590.txt,cot,n,n,n,y,n,y,n,y,n,y
1997_057748.txt,cot,n,y,n,n,y,y,n,y,n,y
1997_123854.txt,cot,y,n,y,n,y,y,n,y,n,y
1997_059580.txt,cot,y,n,y,y,n,n,y,y,n,y
1997_012750.txt,cot,y,n,n,n,y,y,n,y,n,y
1997_366633.txt,cot,y,n,y,y,y,n,y,y,n,y
1997_071988.txt,cot,n,n,n,y,y,y,n,y,n,y
1997_140292.txt,cot,y,n,y,y,n,y,n,y,n,y
1997_286966.txt,cot,y,y,n,n,y,y,n,y,n,y
1997_033283.txt,cot,y,n,y,n,y,n,n,y,n,y
1997_071933.txt,cot,y,y,n,y,y,n,y,y,n,y
1997_160412.txt,cot,y,y,n,n,n,y,y,y,n,y
1997_161444.txt,cot,n,n,y,n,y,y,n,y,n,y
1998_010017.txt,cot,n,n,n,y,n,n,y,y,n,y
1997_460592.txt,cot,y,n,n,y,y,y,n,y,n,y
1998_037552.txt,cot,n,n,n,y,n,y,n,y,n,y
1998_012971.txt,cot,y,n,y,y,n,n,n,y,y,y
1998_039155.txt,cot,n,y,y,y,y,y,n,y,n,y
1998_045186.txt,cot,n,y,y,y,y,y,n,y,n,y
1998_049174.txt,cot,y,y,y,y,y,y,n,y,n,y
1998_054183.txt,cot,y,n,y,y,y,y,n,y,n,y
1998_059087.txt,cot,y,y,n,n,y,n,y,y,n,y
1998_070315.txt,cot,y,y,y,n,n,y,y,y,n,y
1998_074464.txt,cot,n,y,y,n,y,n,y,y,n,y
1998_059964.txt,cot,y,y,y,y,n,y,y,y,n,y
1998_090119.txt,cot,y,n,y,y,y,y,n,y,n,y
1998_082105.txt,cot,n,n,y,y,y,n,y,y,n,y
1998_092455.txt,cot,n,y,n,n,n,n,y,y,n,y
1998_105169.txt,cot,n,y,y,n,n,y,y,y,n,y
1998_125075.txt,cot,n,y,n,n,n,n,y,y,n,y
1998_121308.txt,cot,y,n,y,n,n,y,y,y,n,y
1998_129982.txt,cot,n,y,n,y,y,y,n,y,n,y
1998_125780.txt,cot,n,n,n,y,y,y,n,y,n,y
1998_160205.txt,cot,n,y,y,y,n,n,y,y,n,y
1998_167124.txt,cot,y,y,y,n,n,y,n,y,n,y
1998_172542.txt,cot,n,y,y,y,y,n,y,y,n,y
1998_191094.txt,cot,n,y,n,n,n,y,n,y,n,y
1998_194376.txt,cot,y,n,n,y,n,y,n,y,n,y
1998_163952.txt,cot,n,y,n,y,y,n,y,y,n,y
1998_200855.txt,cot,y,y,n,n,y,y,n,y,n,y
1998_203337.txt,cot,y,y,n,y,y,n,y,y,n,y
1998_261656.txt,cot,y,y,n,y,y,y,y,y,n,y
1998_212331.txt,cot,n,y,y,n,y,n,n,y,n,y
1998_219457.txt,cot,y,y,y,n,n,y,y,y,n,y
1998_320428.txt,cot,y,n,y,y,y,n,n,y,n,y
1998_324101.txt,cot,n,y,y,n,n,n,y,y,n,y
1998_350692.txt,cot,n,y,n,n,n,n,y,y,n,y
1998_333355.txt,cot,y,n,n,n,n,y,n,y,n,y
1998_268942.txt,cot,n,y,y,y,n,y,y,y,n,y
1998_367064.txt,cot,y,y,n,n,n,y,n,y,n,y
1998_432472.txt,cot,y,y,n,n,n,n,y,y,n,y
1998_392683.txt,cot,y,n,y,n,y,y,n,y,n,y
1998_374668.txt,cot,y,n,y,n,y,y,n,y,n,y
1998_432648.txt,cot,n,y,n,n,y,y,n,y,n,y
1998_439361.txt,cot,y,n,y,y,n,y,n,y,n,y
1998_448871.txt,cot,y,n,y,y,y,y,n,y,n,y
1998_449776.txt,cot,n,y,y,y,n,y,y,y,n,y
1998_447523.txt,cot,n,y,y,n,y,y,n,y,n,y
1998_458651.txt,cot,y,n,n,y,y,y,y,y,n,y
1998_455323.txt,cot,n,y,n,y,y,n,y,y,n,y
1998_458908.txt,cot,n,y,y,n,y,y,y,y,n,y
1998_459461.txt,cot,y,y,y,n,n,n,n,y,n,y
1998_470852.txt,cot,n,y,y,n,y,n,y,y,n,y
1998_463122.txt,cot,y,n,y,n,y,y,n,y,n,y
1998_458998.txt,cot,y,n,n,y,y,y,n,y,n,y
1998_471243.txt,cot,y,y,y,n,y,y,n,y,n,y
1998_474386.txt,cot,n,y,y,n,n,n,y,y,n,y
1998_474113.txt,cot,n,y,y,y,n,y,n,y,n,y
1998_472096.txt,cot,n,y,n,n,n,y,y,y,n,y
1998_475183.txt,cot,n,y,n,n,y,n,y,y,n,y
1998_475235.txt,cot,n,y,y,y,n,y,y,y,n,y
1998_475402.txt,cot,y,n,n,n,n,y,n,y,n,y
1998_475448.txt,cot,n,n,y,y,y,y,n,y,n,y
1998_477189.txt,cot,n,y,y,y,n,y,n,y,n,y
1998_476356.txt,cot,y,y,n,n,y,y,y,y,n,y
1998_477540.txt,cot,n,n,n,n,y,y,y,y,n,y
1998_491143.txt,cot,y,n,n,y,n,y,y,y,n,y
1998_488580.txt,cot,n,n,n,n,n,y,n,y,n,y
1998_487593.txt,cot,n,n,y,y,n,n,n,y,n,y
1998_491167.txt,cot,n,y,n,n,n,n,y,y,n,y
1998_491269.txt,cot,y,n,n,y,y,y,n,y,n,y
1998_491828.txt,cot,n,y,n,y,n,n,n,y,n,y
1998_491851.txt,cot,y,y,n,y,y,y,y,y,n,y
1998_493717.txt,cot,y,n,y,y,n,n,y,y,n,y
1998_493289.txt,cot,y,n,y,y,n,y,n,y,n,y
1998_494559.txt,cot,y,y,y,y,n,n,y,y,n,y
1998_495472.txt,cot,n,n,y,n,n,y,n,y,n,y
1998_496713.txt,cot,y,n,y,n,n,n,y,y,n,y
1998_496110.txt,cot,n,y,n,y,n,y,n,y,n,y
1998_496905.txt,cot,y,y,n,y,n,n,y,y,n,y
1998_499467.txt,cot,n,y,n,y,n,y,n,y,n,y
1998_496009.txt,cot,n,y,y,y,n,y,n,y,n,y
1998_511209.txt,cot,y,n,y,y,n,y,n,y,n,y
1998_512626.txt,cot,n,y,y,y,n,y,n,y,n,y
1998_514101.txt,cot,y,n,y,y,n,y,n,y,n,y
1998_513098.txt,cot,n,y,y,y,n,n,n,y,n,y
1998_517115.txt,cot,y,y,y,n,y,y,n,y,n,y
1998_514882.txt,cot,n,n,n,n,n,y,y,y,n,y
1998_518720.txt,cot,n,n,n,y,n,y,n,y,n,y
1998_518444.txt,cot,n,n,n,n,n,n,n,n,n,y
1998_510203.txt,cot,n,n,y,y,n,y,n,y,n,y
1998_519414.txt,cot,n,n,n,y,n,y,n,y,n,y
1998_531732.txt,cot,y,y,y,y,y,y,y,y,n,y
1998_530331.txt,cot,y,y,y,n,y,n,n,y,n,y
1998_519673.txt,cot,y,y,n,n,n,n,n,y,n,y
1998_534795.txt,cot,y,n,n,y,n,y,y,y,n,y
1998_535986.txt,cot,n,y,n,y,n,y,n,y,n,y
1998_535687.txt,cot,n,y,y,y,y,n,y,y,n,y
1998_535096.txt,cot,n,y,n,n,y,n,y,y,n,y
1998_537522.txt,cot,n,y,n,n,n,n,y,y,n,y
1998_535599.txt,cot,n,y,y,y,n,n,y,y,n,y
1998_551027.txt,cot,y,y,y,n,y,n,y,y,n,y
1998_538805.txt,cot,n,y,n,n,y,n,y,y,n,y
1998_539712.txt,cot,n,n,n,y,y,n,n,y,n,y
1998_551049.txt,cot,n,y,y,y,n,n,y,y,n,y
1998_552508.txt,cot,y,y,y,n,y,n,y,y,n,y
1998_551340.txt,cot,n,y,n,y,n,y,y,n,n,y
1998_556774.txt,cot,n,y,n,n,y,y,n,y,n,y
1998_559341.txt,cot,n,y,y,n,y,n,y,y,n,y
1998_559695.txt,cot,n,n,y,n,n,y,n,y,n,y
1998_564982.txt,cot,n,n,n,y,n,y,y,y,n,y
1998_557358.txt,cot,y,n,y,y,n,y,n,y,n,y
1998_575921.txt,cot,n,n,y,n,y,y,n,y,n,y
1998_578648.txt,cot,y,n,n,y,y,y,n,y,n,y
1998_578686.txt,cot,y,n,n,n,y,n,n,y,n,y
1998_578140.txt,cot,y,n,y,n,n,y,y,y,n,y
1998_576460.txt,cot,y,n,y,y,y,n,y,y,n,y
1998_579133.txt,cot,n,y,n,n,y,n,n,y,n,y
1998_590140.txt,cot,n,y,y,n,n,y,n,y,n,y
1998_580120.txt,cot,y,n,y,n,y,y,n,y,n,y
1998_596111.txt,cot,y,n,n,n,y,y,y,y,n,y
1998_590709.txt,cot,y,n,y,n,y,n,y,y,n,y
1998_593630.txt,cot,n,y,y,n,y,y,n,y,n,y
1998_596135.txt,cot,y,n,n,n,y,n,n,y,n,y
1998_596818.txt,cot,y,n,n,n,y,y,n,y,n,y
1998_613201.txt,cot,y,n,n,y,n,y,n,y,n,y
1998_603731.txt,cot,y,y,n,y,n,y,y,y,n,y
1998_596948.txt,cot,y,y,n,n,n,n,y,n,n,y
1998_600217.txt,cot,n,y,n,y,n,y,y,y,n,y
1998_613453.txt,cot,n,y,y,y,n,y,n,y,n,y
1998_614375.txt,cot,y,y,y,n,n,y,y,y,n,y
1998_631077.txt,cot,n,y,n,y,n,n,y,y,n,y
1998_623903.txt,cot,y,y,n,y,y,n,y,n,n,y
1998_631209.txt,cot,n,y,n,y,n,y,n,y,n,y
1998_639546.txt,cot,y,y,y,y,n,n,y,y,n,y
1998_651210.txt,cot,y,y,n,n,n,y,y,y,n,y
1998_628315.txt,cot,y,y,n,n,n,y,n,y,n,y
1998_652525.txt,cot,n,n,y,y,y,y,y,y,n,y
1998_652588.txt,cot,n,n,y,y,y,n,y,y,n,y
1998_656677.txt,cot,n,n,y,y,n,y,n,y,n,y
1998_659134.txt,cot,y,n,y,n,y,y,n,y,n,y
1998_658776.txt,cot,y,n,y,n,y,y,n,y,n,y
1998_659344.txt,cot,n,n,n,y,n,n,n,y,n,y
1998_676910.txt,cot,y,n,y,y,n,y,n,y,n,y
1998_677547.txt,cot,n,y,y,n,n,y,y,y,y,y
1998_659638.txt,cot,y,n,n,y,y,y,n,y,n,y
1998_679951.txt,cot,y,y,y,n,y,y,n,y,n,y
1998_684784.txt,cot,y,n,y,n,n,y,n,y,n,y
1998_690595.txt,cot,y,y,y,n,y,y,n,y,n,y
1998_691770.txt,cot,y,n,n,y,n,y,n,y,n,y
1998_679454.txt,cot,y,n,y,y,n,y,n,y,n,y
1998_693467.txt,cot,n,n,y,n,n,y,n,y,n,y
1998_694305.txt,cot,y,n,n,n,y,y,n,y,n,y
1998_695943.txt,cot,y,n,y,y,n,n,n,y,n,y
1998_696197.txt,cot,n,n,y,y,y,y,n,y,n,y
1998_711068.txt,cot,n,n,n,n,n,y,n,n,n,y
1998_711712.txt,cot,y,y,n,n,y,y,n,y,n,y
1998_714052.txt,cot,n,n,y,n,n,y,n,y,n,y
1998_715038.txt,cot,y,y,n,n,n,y,y,y,n,y
1998_711991.txt,cot,n,n,n,n,n,y,n,y,n,y
1998_711744.txt,cot,y,n,n,y,y,y,n,y,n,y
1998_733941.txt,cot,y,n,y,y,y,y,n,y,n,y
1998_727868.txt,cot,y,y,y,y,y,n,y,y,n,y
1998_732702.txt,cot,n,y,y,n,n,y,y,y,n,y
1998_737632.txt,cot,y,n,n,y,n,y,n,n,y,y
1998_735496.txt,cot,y,n,y,y,y,y,y,y,n,y
1998_738270.txt,cot,y,y,y,y,y,y,n,y,n,y
1998_752807.txt,cot,n,y,y,n,y,y,n,y,n,y
1998_749689.txt,cot,n,y,y,y,y,n,n,y,n,y
1998_750868.txt,cot,n,y,n,y,y,y,y,y,n,y
1998_759985.txt,cot,n,n,y,y,n,n,y,y,n,y
1998_762608.txt,cot,n,y,n,n,n,y,n,y,n,y
1998_768748.txt,cot,n,n,y,n,n,y,y,y,n,y
1998_769425.txt,cot,n,y,n,n,n,y,n,y,n,y
1998_770914.txt,cot,n,n,y,y,y,y,n,y,n,y
1998_775006.txt,cot,n,y,y,n,y,n,y,y,n,y
1998_773959.txt,cot,y,y,y,y,n,y,y,y,n,y
1998_781969.txt,cot,n,n,n,n,n,n,y,y,n,y
1998_779688.txt,cot,n,y,n,n,y,y,n,y,n,y
1998_790525.txt,cot,n,n,y,y,y,y,n,y,n,y
1998_789844.txt,cot,y,y,n,y,n,y,y,y,n,y
1998_793662.txt,cot,n,n,n,y,y,y,y,y,n,y
1998_797096.txt,cot,n,n,y,y,n,y,n,y,n,y
1998_790795.txt,cot,y,n,n,n,n,y,n,y,n,y
1998_798752.txt,cot,y,y,y,n,n,y,y,y,n,y
1998_798053.txt,cot,n,y,y,n,y,n,y,y,n,y
1998_799973.txt,cot,y,n,y,y,n,y,y,y,n,y
1998_811576.txt,cot,n,y,n,n,n,n,y,y,n,y
1998_800538.txt,cot,n,y,y,y,n,y,n,y,n,y
1998_812901.txt,cot,y,n,y,y,y,y,n,y,n,y
1998_804864.txt,cot,n,y,y,n,y,y,n,y,n,y
1998_812997.txt,cot,y,n,y,y,y,n,n,y,n,y
1998_813876.txt,cot,y,n,y,y,y,y,n,y,n,y
1998_814157.txt,cot,y,y,y,y,n,n,y,y,n,y
1998_815480.txt,cot,y,n,y,y,y,y,n,y,n,y
1998_816501.txt,cot,n,y,y,n,y,y,y,y,n,y
1998_816714.txt,cot,n,y,y,n,y,y,n,y,n,y
1998_817832.txt,cot,y,n,n,n,y,y,n,y,n,y
1998_825931.txt,cot,y,y,y,n,y,y,y,y,n,y
1998_831684.txt,cot,y,n,y,y,n,y,n,y,n,y
1998_830292.txt,cot,n,y,n,y,y,y,n,y,n,y
1998_821722.txt,cot,y,n,y,n,n,y,n,y,n,y
1998_834298.txt,cot,n,y,y,y,n,n,y,n,n,y
1998_831618.txt,cot,y,n,n,y,n,y,n,y,n,y
1998_836815.txt,cot,y,n,n,y,n,y,n,y,n,y
1998_835664.txt,cot,y,n,y,y,n,y,n,y,n,y
1998_845446.txt,cot,y,n,n,y,y,y,y,y,n,y
1998_850068.txt,cot,y,y,n,n,y,y,n,y,n,y
1998_847657.txt,cot,y,y,n,y,n,y,n,y,n,y
1998_853141.txt,cot,y,y,n,n,n,n,y,y,n,y
1998_853723.txt,cot,n,n,n,n,n,y,n,y,n,y
1998_853629.txt,cot,n,n,y,n,n,y,n,y,n,y
1998_857433.txt,cot,n,n,y,n,y,y,y,y,n,y
1998_857967.txt,cot,n,y,y,n,n,n,y,y,n,y
1998_856818.txt,cot,n,y,n,n,y,y,y,y,n,y
1998_858684.txt,cot,y,n,y,y,y,y,n,y,n,y
1998_858248.txt,cot,y,n,y,y,n,y,n,y,n,y
1998_859548.txt,cot,n,n,n,y,y,n,y,y,n,y
1998_858889.txt,cot,y,n,y,y,n,y,n,y,n,y
1998_870332.txt,cot,y,n,n,y,n,y,y,y,n,y
1998_868471.txt,cot,n,n,n,y,n,y,n,y,n,y
1998_871365.txt,cot,n,n,y,y,n,n,y,y,n,y
1998_872000.txt,cot,n,y,y,y,y,y,n,y,n,y
1998_873811.txt,cot,y,n,n,y,y,y,y,y,n,y
1998_872624.txt,cot,n,n,y,n,y,y,n,y,n,y
1998_874263.txt,cot,y,y,y,y,y,y,n,y,n,y
1998_876735.txt,cot,n,n,n,n,y,y,n,y,n,y
1998_877067.txt,cot,n,n,y,n,n,y,y,y,n,y
1998_878500.txt,cot,y,y,y,y,y,n,y,y,n,y
1998_889071.txt,cot,n,y,n,y,n,y,n,y,n,y
1998_889934.txt,cot,y,y,y,y,y,y,n,y,n,y
1998_891505.txt,cot,y,y,n,n,n,y,n,y,n,y
1998_891388.txt,cot,n,y,y,n,y,n,n,y,n,y
1998_890436.txt,cot,y,y,y,n,y,n,y,y,n,y
1998_892005.txt,cot,n,y,n,n,n,y,n,y,n,y
1998_892987.txt,cot,y,n,y,y,y,y,n,y,n,y
1998_892603.txt,cot,y,n,y,y,y,y,n,y,n,y
1998_892272.txt,cot,n,y,n,n,n,n,y,y,n,y
1998_893373.txt,cot,y,n,y,n,n,y,n,y,n,y
1998_859490.txt,cot,n,y,y,y,n,y,y,n,y,y
1998_894005.txt,cot,y,y,n,n,y,n,n,y,n,y
1998_894233.txt,cot,y,y,n,y,n,y,y,y,n,y
1998_895104.txt,cot,y,y,y,n,n,y,n,y,n,y
1998_898988.txt,cot,y,n,n,n,y,y,n,y,n,y
1998_899637.txt,cot,y,n,y,y,y,y,n,y,n,y
1998_903636.txt,cot,y,n,y,y,y,y,y,y,n,y
1998_910501.txt,cot,y,y,n,n,y,y,n,y,n,y
1998_899161.txt,cot,n,y,n,n,y,n,y,y,n,y
1998_911582.txt,cot,n,n,y,y,y,n,y,y,y,y
1998_911801.txt,cot,n,n,n,y,y,n,y,y,n,y
1998_913489.txt,cot,y,y,y,n,y,y,y,y,n,y
1998_914538.txt,cot,n,y,n,y,n,n,y,y,n,y
1998_917906.txt,cot,n,y,n,y,y,n,y,y,n,y
1998_918489.txt,cot,y,n,n,n,n,y,n,y,n,y
1998_916137.txt,cot,y,y,y,y,n,n,n,y,n,y
1998_923736.txt,cot,n,y,n,y,y,n,n,y,n,y
1998_930178.txt,cot,n,n,n,n,y,n,n,y,n,y
1998_930531.txt,cot,y,y,y,y,n,y,y,n,n,y
1998_930477.txt,cot,y,y,y,n,n,y,n,y,n,y
1998_932048.txt,cot,y,n,y,y,n,y,y,n,n,y
1998_932270.txt,cot,y,y,n,n,n,y,y,y,n,y
1998_932105.txt,cot,y,y,y,n,n,n,y,y,n,y
1998_932282.txt,cot,y,y,n,n,y,n,y,y,n,y
1998_937597.txt,cot,y,y,y,n,n,y,n,y,n,y
1998_935951.txt,cot,n,n,n,n,n,n,y,y,n,y
1998_937081.txt,cot,y,y,n,n,n,y,n,y,n,y
1998_931283.txt,cot,n,y,n,n,n,y,n,y,n,y
1998_938927.txt,cot,n,y,n,n,y,y,y,y,n,y
1998_951711.txt,cot,y,n,y,y,n,y,y,y,n,y
1998_952325.txt,cot,n,y,y,n,n,y,y,y,n,y
1998_948975.txt,cot,n,y,n,n,y,y,n,y,n,y
1998_953267.txt,cot,n,y,n,n,y,y,n,y,n,y
1998_953660.txt,cot,n,y,y,y,y,n,n,y,n,y
1998_954253.txt,cot,n,n,y,y,y,n,n,y,n,y
1998_953943.txt,cot,y,y,n,n,y,n,y,y,n,y
1998_955304.txt,cot,y,n,y,y,y,y,y,y,n,y
1998_957032.txt,cot,n,y,y,n,y,y,n,y,n,y
1998_957413.txt,cot,n,n,n,n,y,y,y,y,n,y
1998_958207.txt,cot,n,n,y,n,y,n,n,y,n,y
1998_959060.txt,cot,n,n,y,n,y,y,n,y,n,y
1998_959379.txt,cot,n,y,n,n,y,n,y,y,n,y
1998_955635.txt,cot,n,n,y,n,y,y,n,y,n,y
1998_959778.txt,cot,n,n,n,y,y,y,n,y,n,y
1998_959637.txt,cot,y,n,n,n,y,y,n,y,n,y
1998_959671.txt,cot,n,n,y,n,n,y,n,y,n,y
1998_961471.txt,cot,n,y,n,y,y,y,n,n,n,y
1998_962325.txt,cot,y,n,y,n,n,y,n,y,n,y
1998_973785.txt,cot,y,n,y,n,n,y,n,y,n,y
1998_969027.txt,cot,y,n,n,y,n,y,n,y,n,y
1998_973673.txt,cot,y,y,y,n,y,y,y,y,n,y
1998_976037.txt,cot,n,y,n,n,n,n,y,y,n,y
1998_976047.txt,cot,n,n,y,n,n,n,y,y,n,y
1998_976201.txt,cot,y,n,y,n,n,y,n,y,n,y
1998_979711.txt,cot,y,y,n,y,y,n,y,n,n,y
1998_978035.txt,cot,n,y,n,n,y,y,n,y,n,y
1998_987677.txt,cot,n,n,n,n,n,n,y,y,n,y
1998_984104.txt,cot,n,n,y,y,y,n,n,y,n,y
1998_990689.txt,cot,y,y,n,y,y,n,y,y,n,y
1998_995476.txt,cot,y,y,y,y,n,y,n,y,n,y
1998_992657.txt,cot,n,y,n,y,y,n,y,y,y,y
1998_997019.txt,cot,y,n,y,y,n,y,y,y,n,y
1998_995489.txt,cot,y,n,y,y,n,n,n,y,n,y
1999_015497.txt,cot,y,y,n,y,n,n,y,y,n,y
1999_017722.txt,cot,y,y,y,y,n,n,y,y,n,y
1999_026284.txt,cot,n,n,y,n,y,n,y,y,n,y
1999_017532.txt,cot,n,n,n,n,y,n,y,y,n,y
1999_031708.txt,cot,y,n,n,y,y,y,n,y,n,y
1999_035988.txt,cot,y,n,y,y,y,y,n,y,n,y
1999_034196.txt,cot,n,y,n,n,y,n,y,y,n,y
1999_037068.txt,cot,y,y,n,y,y,y,y,n,n,y
1999_038868.txt,cot,y,n,y,y,y,y,n,y,n,y
1999_036696.txt,cot,y,n,y,n,n,y,y,n,n,y
1999_044829.txt,cot,y,y,n,y,y,y,n,y,n,y
1999_048437.txt,cot,n,y,n,y,n,y,n,y,n,y
1999_048310.txt,cot,y,y,y,n,y,y,y,y,n,y
1999_051990.txt,cot,y,n,y,y,y,n,y,y,n,y
1999_053082.txt,cot,y,n,n,n,y,y,n,y,n,y
1999_059843.txt,cot,n,y,y,n,n,n,y,y,n,y
1999_054430.txt,cot,n,n,y,n,y,n,n,y,n,y
1999_065414.txt,cot,n,y,n,n,n,n,y,y,n,y
1999_092698.txt,cot,y,n,n,n,n,y,n,y,n,y
1999_073763.txt,cot,n,y,n,n,n,y,y,y,n,y
1999_111132.txt,cot,n,y,y,y,y,y,y,y,n,y
1999_120173.txt,cot,n,n,n,n,y,y,y,y,n,y
1999_116775.txt,cot,y,n,y,y,y,y,n,y,n,y
1999_120720.txt,cot,n,n,y,n,y,y,y,y,n,y
1999_161555.txt,cot,y,n,y,y,y,y,n,y,n,y
1999_149262.txt,cot,y,y,n,y,n,y,n,y,n,y
1999_144526.txt,cot,n,y,y,n,n,n,y,y,n,y
1999_179025.txt,cot,y,n,y,y,y,y,n,y,n,y
1999_163164.txt,cot,n,y,n,n,n,y,n,y,n,y
1999_262761.txt,cot,y,n,y,y,n,y,n,y,n,y
1999_266590.txt,cot,y,n,n,y,n,y,y,y,n,y
1999_180595.txt,cot,y,y,n,n,y,y,n,y,n,y
1999_203901.txt,cot,n,y,n,y,y,n,y,y,n,y
1999_290145.txt,cot,y,n,y,y,y,y,n,y,n,y
1999_412663.txt,cot,n,y,n,n,y,y,y,y,n,y
1999_322993.txt,cot,n,y,y,n,y,y,n,y,n,y
1999_301121.txt,cot,y,y,n,n,y,y,n,y,n,y
1999_413605.txt,cot,y,n,y,y,n,n,y,y,n,y
1999_417642.txt,cot,y,n,y,y,n,y,y,n,n,y
1999_351005.txt,cot,y,n,n,y,n,y,n,y,n,y
1999_419686.txt,cot,y,n,y,y,n,y,y,y,n,y
1999_431078.txt,cot,y,y,y,y,y,y,n,y,n,y
1999_431358.txt,cot,n,n,n,n,y,y,y,y,n,y
1999_463051.txt,cot,n,n,n,y,n,y,n,y,n,y
1999_453692.txt,cot,y,y,n,y,n,y,n,y,n,y
1999_474029.txt,cot,n,y,n,y,n,y,y,y,n,y
1999_481986.txt,cot,n,y,n,n,n,y,n,y,n,y
1999_496885.txt,cot,y,n,n,y,y,y,n,y,n,y
1999_498508.txt,cot,n,n,y,n,y,y,n,y,n,y
1999_509698.txt,cot,n,y,n,y,n,y,n,y,n,y
1999_504631.txt,cot,y,n,n,y,n,y,n,y,n,y
1999_510014.txt,cot,n,y,n,n,y,y,y,y,n,y
1999_513945.txt,cot,n,y,y,y,y,n,y,y,n,y
1999_512642.txt,cot,y,n,y,y,y,n,y,y,n,y
1999_514159.txt,cot,y,n,y,n,y,y,y,y,n,y
1999_517561.txt,cot,n,y,n,n,y,y,y,y,n,y
1999_519273.txt,cot,y,n,y,y,y,y,n,y,n,y
1999_518310.txt,cot,n,n,n,n,n,y,n,y,n,y
1999_518635.txt,cot,n,y,n,y,y,y,y,y,n,y
1999_531209.txt,cot,n,y,n,y,y,n,y,y,n,y
1999_530010.txt,cot,y,y,y,n,n,y,n,y,n,y
1999_532271.txt,cot,y,n,n,n,y,y,y,y,n,y
1999_532982.txt,cot,n,y,n,n,n,y,n,y,n,y
1999_533810.txt,cot,y,y,n,y,y,n,y,y,n,y
1999_534553.txt,cot,y,n,n,y,n,n,y,y,n,y
1999_536608.txt,cot,y,n,y,y,n,y,n,y,n,y
1999_534958.txt,cot,y,n,y,n,n,y,y,y,n,y
1999_536836.txt,cot,y,n,y,y,n,n,y,y,n,y
1999_536383.txt,cot,n,n,n,y,y,y,n,y,n,y
1999_538156.txt,cot,n,n,y,n,y,y,y,y,n,y
1999_539521.txt,cot,y,n,y,y,n,n,y,y,n,y
1999_539537.txt,cot,n,y,n,y,n,y,y,y,n,y
1999_542071.txt,cot,y,y,n,y,n,y,y,y,n,y
1999_539859.txt,cot,n,y,y,n,n,y,n,y,n,y
1999_543655.txt,cot,y,y,y,n,y,y,y,y,y,y
1999_550241.txt,cot,y,n,y,n,n,y,y,y,n,y
1999_550578.txt,cot,y,y,n,n,y,n,y,y,n,y
1999_551864.txt,cot,n,y,n,y,n,y,n,y,n,y
1999_550680.txt,cot,y,y,n,n,n,y,n,y,n,y
1999_550043.txt,cot,y,y,y,n,n,y,n,n,n,y
1999_551166.txt,cot,y,y,y,y,y,y,n,y,n,y
1999_553171.txt,cot,n,n,y,n,y,y,n,y,n,y
1999_553838.txt,cot,y,n,y,n,n,y,y,n,n,y
1999_553173.txt,cot,y,y,n,y,y,y,y,y,n,y
1999_554638.txt,cot,y,n,y,y,y,n,y,y,n,y
1999_555952.txt,cot,y,y,n,y,y,n,y,y,n,y
1999_554750.txt,cot,n,y,n,n,n,y,n,y,n,y
1999_555751.txt,cot,y,y,n,n,n,y,y,y,n,y
1999_556061.txt,cot,y,y,y,y,y,y,n,y,n,y
1999_550266.txt,cot,y,y,n,y,n,y,n,y,n,y
1999_556458.txt,cot,n,n,n,n,y,y,n,y,n,y
1999_556110.txt,cot,y,n,y,n,n,y,n,y,n,y
1999_557730.txt,cot,y,n,y,y,n,y,n,y,n,y
1999_556939.txt,cot,y,n,y,n,n,y,y,y,n,y
1999_557740.txt,cot,y,n,n,y,n,y,n,y,n,y
1999_558853.txt,cot,y,y,n,n,n,n,y,y,n,y
1999_559341.txt,cot,n,y,y,n,n,y,n,y,n,y
1999_559000.txt,cot,y,y,n,n,n,n,y,y,n,y
1999_559897.txt,cot,y,y,y,y,y,y,n,y,n,y
1999_559746.txt,cot,y,n,y,y,n,n,y,y,n,y
1999_559949.txt,cot,y,y,y,n,y,n,y,n,n,y
1999_559950.txt,cot,n,y,n,n,n,y,y,y,n,y
1999_560408.txt,cot,n,y,n,y,y,n,y,y,n,y
1999_570986.txt,cot,y,n,n,n,n,y,n,y,n,y
1999_571433.txt,cot,n,y,y,n,n,y,n,y,n,y
1999_571695.txt,cot,y,n,y,y,n,y,n,y,n,y
1999_572182.txt,cot,y,n,y,n,y,y,n,y,n,y
1999_572353.txt,cot,n,n,y,n,n,y,y,y,n,y
1999_572284.txt,cot,n,y,y,n,n,n,y,y,n,y
1999_572969.txt,cot,y,n,y,y,y,y,y,y,n,y
1999_572922.txt,cot,n,y,y,n,y,n,n,y,n,y
1999_573291.txt,cot,n,n,n,n,n,y,n,y,n,y
1999_573121.txt,cot,n,n,y,y,y,y,n,y,n,y
1999_574354.txt,cot,y,y,y,n,y,y,n,y,n,y
1999_574545.txt,cot,n,n,n,y,n,y,y,y,n,y
1999_575476.txt,cot,n,n,n,y,y,y,n,y,n,y
1999_576213.txt,cot,y,n,n,y,n,n,n,y,n,y
1999_574825.txt,cot,y,y,y,n,y,y,n,y,n,y
1999_576140.txt,cot,n,n,n,y,n,y,n,y,n,y
1999_578826.txt,cot,n,n,n,n,y,y,n,y,n,y
1999_576725.txt,cot,y,y,y,y,y,y,n,y,n,y
1999_578241.txt,cot,n,y,n,y,y,n,n,y,n,y
1999_592250.txt,cot,y,y,y,n,n,n,y,y,n,y
1999_595395.txt,cot,y,y,y,n,n,y,n,y,n,y
1999_595531.txt,cot,n,y,y,n,n,n,y,y,n,y
1999_595780.txt,cot,y,n,y,n,y,y,n,y,n,y
1999_590509.txt,cot,y,n,n,n,y,y,n,y,n,y
1999_598659.txt,cot,n,n,n,n,n,y,y,y,n,y
1999_599952.txt,cot,y,n,y,n,n,y,n,y,n,y
1999_602191.txt,cot,y,n,y,n,y,n,n,y,n,y
1999_606178.txt,cot,y,n,y,y,n,n,y,y,n,y
1999_609608.txt,cot,y,n,n,n,y,n,n,y,n,y
1999_614052.txt,cot,y,n,y,y,y,n,y,y,n,y
1999_617565.txt,cot,y,n,y,n,y,y,y,y,n,y
1999_619944.txt,cot,n,y,y,n,y,n,y,y,n,y
1999_631575.txt,cot,n,y,n,n,y,n,y,n,n,y
1999_632096.txt,cot,n,y,n,y,n,y,n,y,n,y
1999_632513.txt,cot,y,n,n,y,y,y,y,y,n,y
1999_633265.txt,cot,y,y,y,n,y,y,y,y,n,y
1999_633874.txt,cot,n,y,y,y,n,y,n,y,n,y
1999_632523.txt,cot,y,n,n,n,n,y,y,y,n,y
1999_634637.txt,cot,n,n,y,y,n,y,y,y,n,y
1999_634091.txt,cot,y,n,y,n,y,y,n,y,n,y
1999_637380.txt,cot,n,y,y,n,n,n,y,y,n,y
1999_638078.txt,cot,y,y,n,y,y,y,n,y,n,y
1999_638698.txt,cot,y,n,y,y,y,y,y,y,n,y
1999_639076.txt,cot,n,n,y,n,n,y,y,y,n,y
1999_639934.txt,cot,y,n,y,y,y,y,n,y,n,y
1999_638622.txt,cot,y,n,y,y,n,n,y,y,n,y
1999_640688.txt,cot,n,y,n,y,y,y,y,y,n,y
1999_643860.txt,cot,n,y,y,n,y,n,y,y,n,y
1999_652329.txt,cot,n,n,n,n,n,y,n,y,n,y
1999_653570.txt,cot,n,y,y,y,n,y,y,y,n,y
1999_652663.txt,cot,n,n,n,n,y,y,n,y,n,y
1999_652391.txt,cot,y,y,n,n,n,n,y,y,n,y
1999_655935.txt,cot,y,y,n,y,y,n,y,y,n,y
1999_656142.txt,cot,y,n,y,y,n,y,y,y,n,y
1999_656865.txt,cot,n,y,n,n,y,n,n,y,n,y
1999_657716.txt,cot,y,n,y,y,y,n,n,y,n,y
1999_658999.txt,cot,n,y,n,y,n,y,y,y,n,y
1999_658945.txt,cot,y,n,y,y,y,y,n,y,n,y
1999_670149.txt,cot,n,n,n,y,y,n,n,y,n,y
1999_672030.txt,cot,y,n,y,n,n,y,n,y,n,y
1999_670670.txt,cot,y,n,n,y,n,n,n,y,n,y
1999_670780.txt,cot,n,y,y,n,y,y,n,y,n,y
1999_673541.txt,cot,y,n,y,y,n,y,y,y,n,y
1999_674246.txt,cot,n,y,y,n,y,y,n,y,n,y
1999_674417.txt,cot,y,n,y,y,y,n,n,y,n,y
1999_674897.txt,cot,y,n,n,y,n,y,y,y,n,y
1999_674686.txt,cot,y,n,y,n,n,y,n,y,n,y
1999_675416.txt,cot,n,y,n,n,n,n,y,y,n,y
1999_676943.txt,cot,y,n,y,n,y,y,y,y,n,y
1999_679211.txt,cot,n,y,n,n,n,y,n,y,n,y
1999_680598.txt,cot,y,n,y,y,y,n,y,y,n,y
1999_685234.txt,cot,y,y,y,y,y,n,y,y,n,y
1999_692095.txt,cot,y,y,y,n,n,y,n,y,n,y
1999_691305.txt,cot,y,n,n,n,y,n,y,y,n,y
1999_694265.txt,cot,n,y,y,n,y,y,y,y,n,y
1999_693817.txt,cot,y,n,y,n,y,y,n,y,n,y
1999_695361.txt,cot,y,n,y,n,n,n,y,y,n,y
1999_696559.txt,cot,n,y,y,n,n,y,y,y,n,y
1999_680873.txt,cot,n,n,n,n,y,y,n,y,n,y
1999_696933.txt,cot,n,n,y,y,y,n,y,y,n,y
1999_697937.txt,cot,y,y,y,n,y,y,y,y,n,y
1999_699805.txt,cot,y,y,n,y,n,y,y,y,n,y
1999_699577.txt,cot,n,n,y,y,y,n,y,y,n,y
1999_700687.txt,cot,n,y,n,n,y,y,n,y,n,y
1999_701409.txt,cot,n,n,y,n,n,n,y,y,n,y
1999_701420.txt,cot,n,y,n,n,y,y,n,y,n,y
1999_703351.txt,cot,y,y,n,y,y,n,y,y,n,y
1999_706452.txt,cot,n,y,n,n,y,n,y,y,n,y
1999_703715.txt,cot,n,n,y,n,y,y,n,y,n,y
1999_707577.txt,cot,n,y,n,n,y,y,n,y,n,y
1999_714263.txt,cot,y,n,n,n,n,y,y,y,n,y
1999_711103.txt,cot,n,y,n,n,y,n,y,y,n,y
1999_714384.txt,cot,y,y,y,y,n,n,y,y,y,y
1999_710269.txt,cot,n,n,n,n,y,y,n,y,n,y
1999_715155.txt,cot,y,y,y,y,y,y,n,y,n,y
1999_714645.txt,cot,n,y,y,n,y,n,n,y,n,y
1999_718251.txt,cot,y,n,n,n,y,y,n,y,n,y
1999_718342.txt,cot,y,n,y,y,n,y,n,y,n,y
1999_716114.txt,cot,n,y,n,y,n,n,y,y,n,y
1999_731141.txt,cot,n,y,y,n,n,y,y,y,n,y
1999_718951.txt,cot,y,y,n,y,y,y,n,y,n,y
1999_732219.txt,cot,y,n,y,y,n,y,y,y,n,y
1999_732551.txt,cot,y,n,y,y,y,y,y,y,n,y
1999_735895.txt,cot,n,y,n,n,n,n,n,y,n,y
1999_731414.txt,cot,y,y,n,y,n,n,y,y,n,y
1999_736075.txt,cot,y,n,n,n,n,y,y,y,n,y
1999_737251.txt,cot,n,y,n,n,y,n,y,y,n,y
1999_736368.txt,cot,n,y,n,y,n,y,n,y,n,y
1999_738505.txt,cot,n,y,n,y,n,y,y,y,n,y
1999_739810.txt,cot,n,y,y,n,y,y,y,y,n,y
1999_742385.txt,cot,y,n,n,n,n,y,n,y,n,y
1999_748492.txt,cot,y,n,y,n,n,y,y,y,n,y
1999_750682.txt,cot,y,y,n,n,n,n,n,y,n,y
1999_741261.txt,cot,n,y,n,n,n,n,y,y,n,y
1999_756180.txt,cot,y,n,n,y,n,y,y,y,n,y
1999_752651.txt,cot,n,n,y,y,n,n,y,y,n,y
1999_765745.txt,cot,y,y,y,y,n,n,n,y,n,y
1999_756841.txt,cot,n,y,n,y,n,y,n,y,n,y
1999_757130.txt,cot,y,n,n,y,y,y,n,y,n,y
1999_771726.txt,cot,n,n,y,n,n,n,y,y,n,y
1999_772974.txt,cot,y,n,y,y,n,y,y,y,n,y
1999_775955.txt,cot,n,y,n,y,y,n,y,y,n,y
1999_779803.txt,cot,y,y,y,n,y,n,n,y,n,y
1999_777564.txt,cot,y,y,n,y,y,y,y,y,n,y
1999_780103.txt,cot,y,y,n,y,n,y,y,y,n,y
1999_785713.txt,cot,y,n,y,n,y,n,y,y,n,y
1999_782869.txt,cot,y,n,y,n,y,y,n,y,n,y
1999_787498.txt,cot,y,y,n,y,y,y,n,y,n,y
1999_781663.txt,cot,n,y,n,n,n,y,y,y,n,y
1999_792249.txt,cot,n,y,y,n,n,n,n,y,n,y
1999_787983.txt,cot,y,n,n,n,y,y,n,y,n,y
1999_794411.txt,cot,n,n,y,n,n,y,n,y,n,y
1999_793883.txt,cot,n,y,y,y,y,y,n,y,n,y
1999_792994.txt,cot,y,y,y,y,n,n,y,y,n,y
1999_794811.txt,cot,n,y,n,n,n,y,y,y,n,y
1999_799457.txt,cot,y,n,y,y,n,n,n,y,n,y
1999_800087.txt,cot,n,y,n,n,y,n,n,y,n,y
1999_801057.txt,cot,y,y,y,y,y,n,y,y,n,y
1999_810023.txt,cot,n,y,n,n,n,y,n,y,n,y
1999_811591.txt,cot,n,y,y,y,n,n,y,y,n,y
1999_812401.txt,cot,n,n,y,y,y,n,y,y,n,y
1999_813486.txt,cot,n,y,y,n,n,y,y,y,n,y
1999_814133.txt,cot,n,y,n,n,n,n,y,y,n,y
1999_811679.txt,cot,y,y,n,n,n,y,y,y,n,y
1999_814929.txt,cot,y,n,y,n,y,y,n,y,n,y
1999_815984.txt,cot,y,n,n,y,n,y,n,y,n,y
1999_815617.txt,cot,n,n,n,y,y,y,y,y,n,y
1999_819302.txt,cot,n,y,y,n,y,y,y,y,n,y
1999_821141.txt,cot,n,n,y,n,y,y,n,y,n,y
1999_818192.txt,cot,y,n,y,y,y,y,n,y,n,y
1999_832140.txt,cot,y,y,n,n,y,y,n,y,n,y
1999_836030.txt,cot,y,n,n,n,y,y,n,y,n,y
1999_835497.txt,cot,y,y,n,n,y,n,y,y,n,y
1999_836170.txt,cot,n,y,y,y,n,n,y,n,n,y
1999_838579.txt,cot,n,y,y,n,y,y,n,y,n,y
1999_838987.txt,cot,y,y,y,y,y,y,y,y,n,y
1999_838641.txt,cot,y,n,y,y,n,y,n,y,n,y
1999_837226.txt,cot,n,y,n,n,y,y,n,y,n,y
1999_839013.txt,cot,y,n,y,y,y,y,n,y,n,y
1999_840252.txt,cot,y,n,y,n,n,n,n,y,n,y
1999_846387.txt,cot,y,y,n,y,y,y,y,y,n,y
1999_851919.txt,cot,y,n,y,y,n,y,n,y,n,y
1999_851896.txt,cot,n,n,n,y,n,n,y,y,n,y
1999_852154.txt,cot,y,n,y,n,y,y,n,y,n,y
1999_852277.txt,cot,y,y,y,y,n,y,n,y,n,y
1999_853377.txt,cot,y,y,n,n,n,y,n,y,n,y
1999_853304.txt,cot,n,y,y,n,y,y,n,y,n,y
1999_854382.txt,cot,n,y,y,y,n,n,y,y,n,y
1999_854693.txt,cot,n,y,n,n,y,n,y,y,n,y
1999_855558.txt,cot,y,n,y,n,y,y,n,y,n,y
1999_855682.txt,cot,y,y,n,n,y,y,y,y,n,y
1999_859566.txt,cot,n,n,y,n,y,n,n,y,n,y
1999_871353.txt,cot,n,y,n,y,n,y,y,y,n,y
1999_859522.txt,cot,n,n,y,n,y,n,n,y,n,y
1999_869069.txt,cot,y,y,y,n,n,n,n,y,n,y
1999_872645.txt,cot,y,y,y,n,y,y,n,y,n,y
1999_872843.txt,cot,y,n,y,y,y,y,n,y,n,y
1999_871544.txt,cot,n,n,y,y,n,y,n,y,n,y
1999_873155.txt,cot,y,y,y,y,n,y,y,y,n,y
1999_856386.txt,cot,n,y,n,y,n,n,n,y,n,y
1999_873569.txt,cot,y,y,n,n,y,y,n,y,n,y
1999_874234.txt,cot,n,n,y,n,y,n,y,y,n,y
1999_874130.txt,cot,n,n,y,y,y,n,n,y,n,y
1999_876264.txt,cot,y,n,n,n,n,n,y,y,n,y
1999_873499.txt,cot,y,n,y,y,n,y,y,y,n,y
1999_877795.txt,cot,y,y,y,y,y,n,y,y,n,y
1999_876535.txt,cot,n,n,y,n,y,y,n,y,n,y
1999_877024.txt,cot,n,y,n,y,y,y,n,y,n,y
1999_877268.txt,cot,y,n,y,n,y,n,n,y,n,y
1999_879977.txt,cot,n,y,n,n,y,n,y,n,n,y
1999_886360.txt,cot,n,y,y,n,y,y,y,y,n,y
1999_887899.txt,cot,n,y,n,y,n,y,n,y,n,y
1999_888427.txt,cot,n,y,n,y,n,y,n,y,n,y
1999_890258.txt,cot,y,y,y,y,n,y,n,y,n,y
1999_890093.txt,cot,n,n,y,y,y,y,n,y,n,y
1999_890629.txt,cot,y,y,n,n,n,y,n,y,n,y
1999_890187.txt,cot,n,n,y,n,y,y,n,y,n,y
1999_892501.txt,cot,y,n,n,n,n,y,y,y,n,y
1999_892421.txt,cot,n,y,y,n,y,n,y,y,n,y
1999_894712.txt,cot,y,n,y,y,y,n,y,y,n,y
1999_893124.txt,cot,y,y,n,n,y,y,n,y,n,y
1999_892569.txt,cot,y,y,y,n,n,y,n,y,n,y
1999_895575.txt,cot,n,n,n,n,y,y,n,y,n,y
1999_896020.txt,cot,n,n,y,y,y,y,n,y,n,y
1999_896023.txt,cot,y,n,y,y,y,y,n,y,n,y
1999_896204.txt,cot,y,n,y,y,n,y,n,y,n,y
1999_901945.txt,cot,y,n,y,y,n,y,n,y,n,y
1999_910113.txt,cot,n,y,y,y,n,y,n,y,n,y
1999_877851.txt,cot,y,n,y,y,n,y,n,y,n,y
1999_903880.txt,cot,n,n,y,y,y,y,n,y,n,y
1999_908748.txt,cot,y,n,n,y,y,y,n,y,n,y
1999_911928.txt,cot,n,n,n,y,y,y,n,y,n,y
1999_911756.txt,cot,y,y,y,y,y,y,n,y,n,y
1999_912499.txt,cot,n,y,n,y,n,y,n,y,n,y
1999_912253.txt,cot,n,y,y,y,n,y,n,y,n,y
1999_913369.txt,cot,n,n,n,n,y,n,y,y,n,y
1999_913026.txt,cot,y,n,y,y,n,y,n,y,n,y
1999_915168.txt,cot,n,y,y,y,n,n,y,y,n,y
1999_897233.txt,cot,n,y,n,n,y,y,n,y,n,y
1999_915239.txt,cot,y,n,n,n,n,y,n,y,n,y
1999_915632.txt,cot,n,n,n,y,n,y,y,y,n,y
1999_915366.txt,cot,y,n,y,y,n,y,y,y,n,y
1999_912743.txt,cot,y,y,y,y,y,y,n,y,n,y
1999_916431.txt,cot,y,n,y,y,y,y,n,y,n,y
1999_916221.txt,cot,y,n,y,y,y,y,y,y,n,y
1999_916443.txt,cot,y,y,n,n,n,y,n,y,n,y
1999_916457.txt,cot,n,y,n,n,y,n,y,y,n,y
1999_916707.txt,cot,n,n,n,n,y,n,y,y,n,y
1999_917031.txt,cot,y,y,y,y,n,y,n,y,n,y
1999_917645.txt,cot,y,n,n,y,n,y,y,y,n,y
1999_915866.txt,cot,n,n,y,n,y,n,y,y,n,y
1999_917875.txt,cot,y,y,n,n,y,n,y,y,n,y
1999_917974.txt,cot,y,y,n,y,y,y,n,y,n,y
1999_919095.txt,cot,n,y,n,y,y,n,y,y,n,y
1999_919315.txt,cot,n,n,y,n,n,y,n,y,n,y
1999_919150.txt,cot,y,y,n,n,y,y,n,y,n,y
1999_919689.txt,cot,y,y,n,n,n,y,y,y,n,y
1999_919796.txt,cot,n,y,y,n,n,y,y,y,n,y
1999_930619.txt,cot,y,y,y,y,y,y,n,y,n,y
1999_927566.txt,cot,y,y,n,y,y,y,y,y,n,y
1999_919820.txt,cot,y,y,n,y,n,n,y,y,n,y
1999_931394.txt,cot,n,y,n,y,n,n,y,y,y,y
1999_931987.txt,cot,n,n,y,n,y,y,y,y,n,y
1999_932586.txt,cot,n,n,n,y,n,y,n,y,n,y
1999_931826.txt,cot,y,y,y,y,n,y,y,y,n,y
1999_933074.txt,cot,n,y,y,n,y,n,y,y,n,y
1999_934402.txt,cot,y,y,y,y,n,n,y,y,n,y
1999_933177.txt,cot,y,n,y,y,n,y,n,y,n,y
1999_933681.txt,cot,y,n,y,n,n,y,n,y,n,y
1999_934611.txt,cot,y,n,n,n,y,y,n,y,n,y
1999_935355.txt,cot,y,n,y,n,y,y,n,y,n,y
1999_934482.txt,cot,n,y,n,n,n,n,n,y,n,y
1999_935699.txt,cot,y,n,y,y,y,y,n,y,n,y
1999_918847.txt,cot,n,y,y,n,y,y,y,y,n,y
1999_938294.txt,cot,y,n,n,y,n,n,y,y,n,y
1999_937378.txt,cot,y,n,n,y,y,y,n,y,n,y
1999_935891.txt,cot,n,n,y,n,y,y,n,y,n,y
1999_936347.txt,cot,n,y,n,y,y,y,n,y,n,y
1999_939985.txt,cot,n,y,y,n,y,n,y,y,n,y
1999_946196.txt,cot,y,n,y,n,n,y,n,y,n,y
1999_949937.txt,cot,y,y,y,n,y,y,y,y,n,y
1999_950942.txt,cot,n,y,n,y,n,n,y,y,n,y
1999_950573.txt,cot,y,y,y,n,y,n,y,y,n,y
1999_955689.txt,cot,n,y,y,n,n,y,n,y,n,y
1999_956679.txt,cot,n,n,y,n,y,n,y,y,n,y
1999_956491.txt,cot,y,n,y,n,n,n,n,y,n,y
1999_958720.txt,cot,n,n,n,y,y,n,y,y,n,y
1999_959747.txt,cot,n,n,y,y,y,y,y,y,n,y
1999_959624.txt,cot,y,n,y,y,n,y,y,y,n,y
1999_971541.txt,cot,y,y,y,n,y,y,y,y,n,y
1999_971941.txt,cot,y,y,y,n,y,y,y,y,n,y
1999_973407.txt,cot,y,n,y,n,n,y,n,y,n,y
1999_973303.txt,cot,y,n,y,y,y,y,y,y,n,y
1999_972522.txt,cot,n,n,n,n,n,y,y,y,n,y
1999_974267.txt,cot,n,y,n,n,y,n,y,y,n,y
1999_974896.txt,cot,n,n,n,n,y,y,n,y,n,y
1999_975769.txt,cot,n,y,n,n,y,n,y,y,n,y
1999_976054.txt,cot,n,n,y,n,y,y,n,y,n,y
1999_977072.txt,cot,n,n,n,n,y,y,n,y,n,y
1999_977136.txt,cot,n,y,n,y,n,y,n,y,n,y
1999_977955.txt,cot,y,n,y,y,n,y,n,y,n,y
1999_978044.txt,cot,n,y,y,n,y,n,y,y,n,y
1999_990785.txt,cot,y,y,y,y,y,y,y,y,n,y
1999_994744.txt,cot,y,n,y,y,y,n,y,y,n,y
1999_995708.txt,cot,y,n,y,y,y,y,y,y,n,y
1999_997807.txt,cot,n,y,n,n,y,n,y,n,n,y
1999_974189.txt,cot,y,y,n,y,n,y,n,y,n,y
2000_025613.txt,cot,y,y,n,y,y,n,y,y,n,y
2000_018694.txt,cot,y,y,y,n,n,n,y,y,n,y
2000_017203.txt,cot,n,y,y,n,n,n,n,y,n,y
2000_036354.txt,cot,n,y,y,y,n,y,y,y,n,y
2000_037152.txt,cot,y,y,y,y,y,n,y,y,n,y
2000_053427.txt,cot,y,n,y,y,y,y,y,y,n,y
2000_046320.txt,cot,y,n,n,y,n,y,n,y,n,y
2000_043320.txt,cot,y,y,n,n,n,n,y,y,n,y
2000_055956.txt,cot,n,y,n,n,n,y,y,y,n,y
2000_056817.txt,cot,n,y,n,n,y,y,n,y,n,y
2000_071231.txt,cot,y,n,y,n,y,y,n,y,n,y
2000_070391.txt,cot,y,n,y,y,y,y,n,y,n,y
2000_068873.txt,cot,n,n,n,y,y,y,n,y,n,y
2000_073377.txt,cot,y,y,n,n,y,y,n,y,n,y
2000_072770.txt,cot,y,y,n,n,y,y,y,y,n,y
2000_071590.txt,cot,n,y,n,n,n,y,y,y,n,y
2000_073482.txt,cot,y,y,y,n,y,y,y,y,n,y
2000_075257.txt,cot,y,n,n,y,y,y,n,y,n,y
2000_076876.txt,cot,n,y,n,n,n,y,n,y,n,y
2000_087939.txt,cot,n,y,y,n,n,y,n,y,n,y
2000_089261.txt,cot,y,n,y,y,y,y,n,y,n,y
2000_092791.txt,cot,n,y,n,n,y,n,y,y,n,y
2000_094896.txt,cot,n,y,n,n,y,y,y,y,n,y
2000_095846.txt,cot,y,y,n,y,n,n,y,y,y,y
2000_106715.txt,cot,y,y,y,y,y,n,y,y,n,y
2000_103398.txt,cot,n,y,y,y,n,y,n,y,n,y
2000_108295.txt,cot,n,y,n,n,y,y,n,y,n,y
2000_113623.txt,cot,y,n,y,y,y,y,y,y,n,y
2000_116293.txt,cot,n,n,n,y,y,y,y,y,n,y
2000_125276.txt,cot,n,y,n,y,n,y,n,y,n,y
2000_126788.txt,cot,n,n,y,n,y,y,n,y,n,y
2000_127329.txt,cot,y,n,y,y,y,y,n,y,n,y
2000_125323.txt,cot,y,n,y,y,y,y,n,y,n,y
2000_129388.txt,cot,y,y,y,y,y,y,n,y,n,y
2000_136760.txt,cot,y,y,y,n,y,y,y,y,n,y
2000_129591.txt,cot,y,n,y,y,y,n,n,y,n,y
2000_142386.txt,cot,y,y,n,y,n,y,y,y,n,y
2000_137009.txt,cot,n,y,y,n,y,n,y,y,n,y
2000_147469.txt,cot,y,y,y,y,n,n,y,y,n,y
2000_149433.txt,cot,y,y,y,y,y,y,n,y,n,y
2000_164084.txt,cot,y,n,y,n,n,y,y,y,n,y
2000_165339.txt,cot,n,y,n,y,n,n,y,y,n,y
2000_169838.txt,cot,n,y,n,n,y,y,n,y,n,y
2000_192088.txt,cot,y,n,y,y,n,n,y,y,n,y
2000_182860.txt,cot,n,y,n,n,y,n,y,y,n,y
2000_193715.txt,cot,n,n,y,n,n,n,n,y,n,y
2000_195422.txt,cot,n,y,y,n,y,y,n,y,n,y
2000_201617.txt,cot,y,n,n,y,n,y,n,y,n,y
2000_202646.txt,cot,n,y,n,y,y,y,y,y,n,y
2000_202633.txt,cot,n,n,y,y,n,y,n,y,n,y
2000_209131.txt,cot,n,y,y,y,y,n,y,y,n,y
2000_220258.txt,cot,y,y,n,n,y,y,y,y,n,y
2000_228423.txt,cot,y,y,n,y,y,y,n,y,n,y
2000_243888.txt,cot,n,y,y,n,n,y,n,y,n,y
2000_201466.txt,cot,n,y,y,n,y,y,n,y,n,y
2000_263307.txt,cot,n,n,y,y,n,n,y,y,n,y
2000_265656.txt,cot,y,y,y,n,n,n,y,y,n,y
2000_249703.txt,cot,n,n,y,y,n,n,y,n,y,y
2000_326314.txt,cot,y,n,y,n,y,n,y,y,n,y
2000_344399.txt,cot,n,y,y,y,n,n,y,y,n,y
2000_361463.txt,cot,y,n,n,n,n,y,y,y,n,y
2000_355626.txt,cot,n,y,n,n,y,n,y,y,n,y
2000_383598.txt,cot,n,n,y,y,n,y,n,y,n,y
2000_366096.txt,cot,n,y,n,y,n,n,y,y,n,y
2000_392315.txt,cot,y,n,n,n,n,y,n,y,n,y
2000_395177.txt,cot,y,n,y,y,y,y,n,y,n,y
2000_399465.txt,cot,n,n,n,y,n,y,n,y,n,y
2000_434142.txt,cot,n,y,n,n,n,y,n,y,n,y
2000_426306.txt,cot,y,n,y,y,n,y,y,y,n,y
2000_438850.txt,cot,n,y,y,n,n,n,y,y,n,y
2000_444531.txt,cot,n,y,n,n,n,y,n,y,n,y
2000_438892.txt,cot,y,y,y,n,y,y,n,y,n,y
2000_445053.txt,cot,y,n,y,n,n,y,n,y,n,y
2000_449662.txt,cot,y,n,y,n,n,y,n,y,n,y
2000_471124.txt,cot,y,n,n,n,y,y,n,y,n,y
2000_473088.txt,cot,y,n,n,n,y,n,y,y,n,y
2000_457131.txt,cot,n,n,n,y,y,y,n,y,n,y
2000_474953.txt,cot,n,y,n,n,n,n,y,y,n,y
2000_479895.txt,cot,y,n,y,y,n,n,y,y,n,y
2000_476720.txt,cot,n,n,y,n,y,n,n,y,n,y
2000_489004.txt,cot,n,n,n,n,n,y,n,y,n,y
2000_491597.txt,cot,n,y,n,y,y,y,n,y,n,y
2000_488372.txt,cot,n,y,n,y,n,n,y,y,n,y
2000_493241.txt,cot,n,y,y,y,y,n,y,y,n,y
2000_491338.txt,cot,n,y,n,n,n,n,n,y,n,y
2000_493416.txt,cot,n,n,n,n,n,y,n,y,n,y
2000_496987.txt,cot,y,n,y,y,y,y,n,y,n,y
2000_506851.txt,cot,n,y,n,n,n,y,n,y,n,y
2000_495087.txt,cot,n,y,n,y,n,n,n,y,n,y
2000_502904.txt,cot,n,y,n,n,n,y,n,y,n,y
2000_515950.txt,cot,n,y,n,n,y,y,n,y,n,y
2000_518815.txt,cot,y,n,n,y,y,y,n,y,n,y
2000_511532.txt,cot,y,n,y,y,y,y,n,y,n,y
2000_532944.txt,cot,y,y,y,n,n,y,y,y,n,y
2000_535579.txt,cot,n,y,n,y,y,n,y,n,n,y
2000_535643.txt,cot,n,n,n,y,n,n,n,y,n,y
2000_536125.txt,cot,y,n,y,y,y,y,n,y,n,y
2000_538992.txt,cot,y,y,n,n,n,n,n,y,n,y
2000_538230.txt,cot,y,n,y,y,n,y,n,y,n,y
2000_550042.txt,cot,n,y,n,n,n,n,y,y,n,y
2000_551546.txt,cot,n,y,n,n,n,n,y,y,n,y
2000_551702.txt,cot,y,n,y,n,n,y,n,y,n,y
2000_552630.txt,cot,y,n,n,y,y,y,y,y,n,y
2000_553353.txt,cot,n,y,n,y,y,y,y,y,n,y
2000_553656.txt,cot,y,n,n,n,y,y,n,y,n,y
2000_554818.txt,cot,n,n,n,y,n,y,y,y,n,y
2000_554253.txt,cot,n,n,n,y,y,n,n,y,y,y
2000_555436.txt,cot,n,y,y,y,y,y,y,y,n,y
2000_555854.txt,cot,n,n,y,y,n,y,n,y,n,y
2000_556251.txt,cot,n,n,n,y,n,n,y,y,n,y
2000_556086.txt,cot,y,n,n,y,n,n,n,y,n,y
2000_556380.txt,cot,n,n,n,n,n,y,y,y,n,y
2000_556394.txt,cot,y,y,y,y,n,y,y,y,n,y
2000_557603.txt,cot,n,n,n,n,n,y,n,y,n,y
2000_557731.txt,cot,y,n,n,y,n,n,y,y,n,y
2000_558628.txt,cot,n,y,n,y,n,y,n,y,n,y
2000_559995.txt,cot,n,n,n,n,n,y,n,y,n,y
2000_570524.txt,cot,n,y,y,n,n,y,n,y,n,y
2000_571136.txt,cot,n,n,y,y,n,n,y,y,n,y
2000_571000.txt,cot,y,y,n,n,y,y,y,y,n,y
2000_571191.txt,cot,n,n,y,y,n,y,n,y,n,y
2000_572078.txt,cot,y,n,y,y,y,y,n,y,n,y
2000_572513.txt,cot,y,n,y,y,y,n,n,y,n,y
2000_572190.txt,cot,n,y,y,y,y,n,n,y,n,y
2000_522291.txt,cot,n,y,n,y,n,n,y,n,n,y
2000_573032.txt,cot,n,y,n,n,n,y,y,y,n,y
2000_573694.txt,cot,y,y,n,n,y,y,y,y,n,y
2000_574384.txt,cot,n,y,n,y,y,y,n,y,n,y
2000_574185.txt,cot,y,n,y,y,y,y,n,y,n,y
2000_575013.txt,cot,n,y,y,n,n,y,n,y,n,y
2000_575736.txt,cot,n,n,n,n,n,n,n,y,n,y
2000_576170.txt,cot,n,n,y,y,n,n,y,y,n,y
2000_576262.txt,cot,y,y,n,n,n,y,y,y,n,y
2000_576206.txt,cot,n,n,y,y,n,n,y,y,n,y
2000_576785.txt,cot,y,n,n,y,y,n,y,y,n,y
2000_578422.txt,cot,y,n,y,y,y,n,y,y,n,y
2000_576862.txt,cot,y,n,y,n,y,y,n,y,n,y
2000_577273.txt,cot,y,y,y,n,n,n,y,y,n,y
2000_579113.txt,cot,y,y,y,y,n,y,y,y,n,y
2000_579092.txt,cot,n,y,n,y,n,n,y,y,n,y
2000_579209.txt,cot,y,n,y,y,n,n,y,y,n,y
2000_590052.txt,cot,y,y,n,y,y,y,y,y,n,y
2000_588595.txt,cot,n,y,y,y,n,n,y,y,n,y
2000_591006.txt,cot,y,n,y,y,y,y,n,y,n,y
2000_590024.txt,cot,n,n,n,n,n,y,n,y,n,y
2000_592197.txt,cot,n,y,n,n,y,y,n,y,n,y
2000_593590.txt,cot,y,n,y,y,y,y,n,y,n,y
2000_594909.txt,cot,y,y,y,y,n,n,y,y,n,y
2000_595506.txt,cot,y,n,n,y,n,y,n,y,n,y
2000_595927.txt,cot,y,n,n,n,y,y,n,y,n,y
2000_597336.txt,cot,y,y,n,y,n,y,n,y,n,y
2000_598240.txt,cot,n,y,n,n,y,n,y,y,n,y
2000_598326.txt,cot,y,y,n,y,y,y,y,y,n,y
2000_597791.txt,cot,y,y,n,y,n,y,y,y,n,y
2000_603647.txt,cot,n,y,n,n,n,n,y,y,n,y
2000_603794.txt,cot,y,n,n,y,n,y,n,y,n,y
2000_609764.txt,cot,n,y,n,n,y,y,n,y,n,y
2000_611855.txt,cot,n,n,y,y,y,y,y,y,n,y
2000_612220.txt,cot,y,y,n,y,n,y,y,y,n,y
2000_613264.txt,cot,n,y,y,y,n,n,n,y,n,y
2000_617458.txt,cot,y,y,y,n,y,y,n,y,n,y
2000_618252.txt,cot,n,y,n,n,y,n,n,y,n,y
2000_618192.txt,cot,y,n,y,y,n,y,y,y,n,y
2000_624145.txt,cot,n,y,n,n,n,n,y,y,n,y
2000_625276.txt,cot,y,n,y,y,y,n,y,y,n,y
2000_627458.txt,cot,y,n,y,y,n,n,y,y,y,y
2000_626823.txt,cot,y,n,y,n,n,y,n,y,n,y
2000_630184.txt,cot,n,y,y,y,n,n,y,y,n,y
2000_630441.txt,cot,y,n,y,y,y,y,n,y,n,y
2000_632019.txt,cot,y,n,y,y,y,y,n,y,n,y
2000_632418.txt,cot,n,n,y,y,n,n,y,y,n,y
2000_631445.txt,cot,n,n,y,n,y,y,n,y,n,y
2000_633128.txt,cot,n,y,n,y,n,y,n,y,n,y
2000_634121.txt,cot,n,n,y,n,n,n,y,y,n,y
2000_634868.txt,cot,n,n,n,y,y,n,n,y,n,y
2000_635111.txt,cot,y,n,n,y,y,n,y,y,n,y
2000_635183.txt,cot,n,y,n,y,y,n,n,n,n,y
2000_635601.txt,cot,y,n,y,n,y,n,n,y,n,y
2000_636338.txt,cot,n,y,y,y,y,n,n,y,n,y
2000_638334.txt,cot,y,y,y,y,y,y,n,y,n,y
2000_639729.txt,cot,n,y,y,n,n,n,y,y,n,y
2000_637256.txt,cot,y,y,n,n,n,n,y,n,n,y
2000_650927.txt,cot,n,n,y,n,y,y,n,y,n,y
2000_651614.txt,cot,y,y,y,y,n,y,y,y,n,y
2000_654664.txt,cot,y,n,n,y,y,n,n,y,n,y
2000_654954.txt,cot,n,n,y,n,n,n,y,y,n,y
2000_654054.txt,cot,y,n,n,y,y,y,n,y,n,y
2000_654531.txt,cot,n,y,n,n,y,y,y,y,n,y
2000_655876.txt,cot,n,y,n,n,n,n,n,y,n,y
2000_657883.txt,cot,n,y,y,y,y,n,n,y,n,y
2000_657578.txt,cot,n,y,n,n,n,y,n,y,n,y
2000_658123.txt,cot,y,y,n,n,n,y,n,y,n,y
2000_658182.txt,cot,n,y,y,n,y,n,n,y,n,y
2000_669620.txt,cot,y,n,n,y,y,y,y,y,n,y
2000_658353.txt,cot,y,y,y,y,n,n,n,y,n,y
2000_670361.txt,cot,y,n,n,n,y,y,n,y,n,y
2000_670567.txt,cot,n,n,y,y,y,n,n,y,n,y
2000_672399.txt,cot,y,y,n,n,n,n,y,y,n,y
2000_672860.txt,cot,n,n,y,y,n,n,n,y,n,y
2000_656111.txt,cot,y,y,n,n,y,y,n,y,n,y
2000_676072.txt,cot,y,y,n,y,y,y,n,y,n,y
2000_674316.txt,cot,y,y,n,n,y,y,y,y,n,y
2000_673542.txt,cot,n,n,n,n,n,y,n,y,n,y
2000_676612.txt,cot,n,n,n,y,n,y,n,y,n,y
2000_678534.txt,cot,n,n,y,y,n,n,y,y,n,y
2000_679010.txt,cot,y,n,y,y,n,y,y,y,n,y
2000_681563.txt,cot,n,y,n,n,n,n,n,y,n,y
2000_681975.txt,cot,n,y,n,n,n,y,n,y,n,y
2000_681979.txt,cot,y,y,y,n,y,y,n,y,n,y
2000_677716.txt,cot,y,n,n,n,y,y,n,y,n,y
2000_686023.txt,cot,y,n,n,y,y,y,n,n,y,y
2000_678824.txt,cot,y,n,y,y,n,y,y,y,n,y
2000_691500.txt,cot,y,n,y,n,y,n,y,y,n,y
2000_686663.txt,cot,n,y,y,n,n,y,n,y,n,y
2000_691241.txt,cot,n,y,y,y,n,n,y,y,n,y
2000_695156.txt,cot,n,y,n,n,n,y,y,y,n,y
2000_692644.txt,cot,y,n,n,y,n,y,y,y,n,y
2000_693765.txt,cot,y,y,n,y,n,y,n,y,n,y
2000_695124.txt,cot,n,n,y,y,y,y,n,y,n,y
2000_692520.txt,cot,n,y,n,n,y,y,n,y,n,y
2000_695312.txt,cot,y,y,n,y,y,y,n,y,n,y
2000_697879.txt,cot,n,n,y,y,y,y,n,y,n,y
2000_695512.txt,cot,y,y,n,y,n,y,y,y,n,y
2000_697936.txt,cot,n,y,n,y,n,y,y,y,n,y
2000_705533.txt,cot,y,n,y,n,y,y,n,y,n,y
2000_699624.txt,cot,y,n,y,y,y,n,y,y,n,y
2000_696080.txt,cot,y,n,y,y,y,y,n,y,n,y
2000_708835.txt,cot,n,n,y,y,y,n,n,y,n,y
2000_708496.txt,cot,n,y,n,y,n,y,n,y,n,y
2000_710150.txt,cot,y,y,y,n,n,y,y,y,n,y
2000_710105.txt,cot,y,y,y,y,y,y,n,y,n,y
2000_711029.txt,cot,y,n,n,n,n,y,y,y,n,y
2000_710213.txt,cot,y,y,n,n,y,y,n,y,n,y
2000_713951.txt,cot,y,y,n,n,y,n,y,y,n,y
2000_711990.txt,cot,n,n,y,y,y,y,n,y,n,y
2000_715549.txt,cot,y,y,n,y,n,n,y,y,n,y
2000_715921.txt,cot,y,n,y,y,n,y,n,y,n,y
2000_716913.txt,cot,y,y,y,n,y,y,n,y,n,y
2000_718183.txt,cot,n,n,n,y,y,n,n,y,n,y
2000_718172.txt,cot,n,y,n,n,y,n,n,y,n,y
2000_720844.txt,cot,n,n,n,y,n,n,y,y,n,y
2000_725071.txt,cot,n,y,n,y,n,y,y,y,n,y
2000_722078.txt,cot,n,y,y,n,n,n,y,y,n,y
2000_732617.txt,cot,n,y,n,y,y,n,y,y,n,y
2000_727952.txt,cot,y,n,y,y,y,y,n,y,n,y
2000_725207.txt,cot,n,n,n,n,y,y,y,y,n,y
2000_733409.txt,cot,y,n,y,n,y,y,n,y,n,y
2000_732735.txt,cot,n,y,n,y,y,y,n,y,n,y
2000_735261.txt,cot,y,n,n,n,y,y,y,y,n,y
2000_738753.txt,cot,y,n,n,y,n,y,n,y,n,y
2000_738686.txt,cot,n,n,n,y,y,y,n,y,n,y
2000_739608.txt,cot,n,y,n,n,n,n,y,y,n,y
2000_739643.txt,cot,n,y,n,y,n,n,y,y,n,y
2000_744485.txt,cot,y,n,y,y,y,y,n,y,n,y
2000_750679.txt,cot,n,y,y,n,y,y,n,y,n,y
2000_740979.txt,cot,n,y,n,n,n,n,y,y,n,y
2000_741743.txt,cot,n,n,y,n,y,n,n,y,n,y
2000_739722.txt,cot,n,n,y,n,n,y,n,y,n,y
2000_752178.txt,cot,y,n,n,y,n,y,n,y,n,y
2000_751883.txt,cot,n,y,n,y,y,y,y,y,n,y
2000_752353.txt,cot,y,y,n,y,n,y,n,y,n,y
2000_758465.txt,cot,n,y,y,n,n,n,y,y,n,y
2000_750971.txt,cot,y,n,y,y,y,n,y,y,n,y
2000_758531.txt,cot,y,y,n,y,y,y,n,y,n,y
2000_759523.txt,cot,n,n,y,y,n,y,y,y,n,y
2000_761809.txt,cot,y,y,y,y,y,y,n,y,n,y
2000_762391.txt,cot,n,n,n,y,y,y,n,y,n,y
2000_766519.txt,cot,n,n,y,y,y,y,n,y,n,y
2000_767391.txt,cot,n,n,y,n,y,y,n,y,n,y
2000_770472.txt,cot,n,n,n,n,n,y,n,y,n,y
2000_771081.txt,cot,y,n,y,y,n,y,n,y,n,y
2000_771407.txt,cot,y,n,n,y,y,n,y,y,y,y
2000_772049.txt,cot,n,n,y,y,n,y,n,y,n,y
2000_773497.txt,cot,n,y,n,y,n,n,y,y,n,y
2000_777531.txt,cot,n,y,n,n,n,n,y,y,n,y
2000_781318.txt,cot,n,y,n,y,y,n,y,y,n,y
2000_784017.txt,cot,y,n,n,n,n,y,n,y,n,y
2000_788565.txt,cot,n,y,y,n,n,n,n,y,n,y
2000_788927.txt,cot,y,n,y,n,n,y,n,y,n,y
2000_791766.txt,cot,n,n,y,y,y,y,y,y,n,y
2000_794320.txt,cot,y,y,n,y,y,y,y,y,n,y
2000_797956.txt,cot,y,y,y,y,y,n,n,y,n,y
2000_798629.txt,cot,n,y,n,n,y,y,n,y,n,y
2000_802646.txt,cot,n,n,y,n,y,y,n,y,n,y
2000_798791.txt,cot,y,y,n,y,n,n,y,y,n,y
2000_798925.txt,cot,n,y,y,n,y,n,n,y,y,y
2000_810134.txt,cot,n,y,n,n,y,n,y,y,n,y
2000_811126.txt,cot,y,y,n,y,y,y,n,y,n,y
2000_812774.txt,cot,y,n,y,y,y,y,n,y,n,y
2000_812056.txt,cot,y,n,n,y,y,y,y,y,n,y
2000_814284.txt,cot,y,y,n,y,n,n,y,y,n,y
2000_813544.txt,cot,n,y,n,n,n,n,y,y,n,y
2000_815592.txt,cot,y,n,n,n,y,n,n,y,n,y
2000_817078.txt,cot,n,y,y,n,n,n,y,y,n,y
2000_820571.txt,cot,n,y,n,y,n,y,n,y,n,y
2000_818614.txt,cot,n,n,y,y,n,y,n,y,n,y
2000_831232.txt,cot,y,n,y,n,y,y,n,y,n,y
2000_831814.txt,cot,y,y,n,n,y,y,y,y,n,y
2000_832071.txt,cot,y,n,y,y,n,y,y,y,n,y
2000_832857.txt,cot,n,n,y,y,n,n,n,y,n,y
2000_832875.txt,cot,y,n,y,y,y,y,n,y,n,y
2000_834851.txt,cot,y,n,y,y,y,y,n,y,n,y
2000_835974.txt,cot,y,y,y,y,y,y,y,y,n,y
2000_836234.txt,cot,n,y,n,n,y,y,y,n,n,y
2000_838741.txt,cot,y,y,y,n,n,y,y,y,n,y
2000_832879.txt,cot,y,n,y,y,n,y,n,y,n,y
2000_839089.txt,cot,n,y,n,y,y,n,n,y,n,y
2000_840640.txt,cot,y,n,n,y,n,y,n,y,n,y
2000_845859.txt,cot,y,n,y,y,n,n,n,y,n,y
2000_850667.txt,cot,n,n,y,y,y,n,y,n,n,y
2000_851590.txt,cot,y,y,n,y,y,n,n,y,n,y
2000_843977.txt,cot,n,y,y,y,y,n,y,n,y,y
2000_851716.txt,cot,n,n,y,y,y,n,y,y,n,y
2000_851969.txt,cot,n,y,n,y,n,n,y,y,n,y
2000_854141.txt,cot,n,n,n,y,n,n,y,y,n,y
2000_832658.txt,cot,n,y,n,n,y,y,n,y,n,y
2000_854458.txt,cot,n,y,y,y,n,n,y,y,n,y
2000_854482.txt,cot,y,y,y,y,y,n,n,y,n,y
2000_854761.txt,cot,n,y,n,n,n,y,n,y,n,y
2000_854954.txt,cot,y,n,n,y,n,y,n,y,n,y
2000_856478.txt,cot,y,y,y,y,y,y,y,y,n,y
2000_855326.txt,cot,y,n,y,y,y,y,n,y,n,y
2000_857295.txt,cot,y,y,y,y,n,n,y,y,n,y
2000_858070.txt,cot,n,y,n,n,n,y,y,y,n,y
2000_857364.txt,cot,n,y,n,n,y,n,y,y,n,y
2000_862726.txt,cot,y,y,n,n,n,y,y,y,n,y
2000_869726.txt,cot,n,n,n,y,n,y,y,n,n,y
2000_864302.txt,cot,n,n,y,n,n,y,y,y,n,y
2000_859325.txt,cot,n,y,y,y,n,n,y,y,n,y
2000_871438.txt,cot,n,y,n,y,n,y,y,y,n,y
2000_858636.txt,cot,n,n,y,y,n,n,y,y,n,y
2000_871605.txt,cot,y,n,y,y,y,n,y,y,y,y
2000_871706.txt,cot,y,n,y,y,y,y,n,y,n,y
2000_871804.txt,cot,n,n,y,y,y,y,n,y,n,y
2000_871816.txt,cot,y,n,y,y,y,y,n,y,n,y
2000_872907.txt,cot,y,y,n,n,y,y,n,y,n,y
2000_872110.txt,cot,y,n,y,n,y,y,n,y,n,y
2000_871821.txt,cot,n,n,n,y,y,n,y,y,n,y
2000_873310.txt,cot,n,y,n,n,n,y,y,y,n,y
2000_873558.txt,cot,y,n,y,y,y,n,y,y,n,y
2000_874608.txt,cot,n,n,y,n,y,n,y,y,n,y
2000_875345.txt,cot,y,n,y,y,n,y,n,y,n,y
2000_874178.txt,cot,n,y,n,n,y,n,y,y,n,y
2000_876118.txt,cot,n,y,n,n,y,n,n,n,n,y
2000_876538.txt,cot,n,y,n,n,y,n,y,y,n,y
2000_876930.txt,cot,y,n,y,y,y,y,y,y,n,y
2000_877296.txt,cot,n,n,y,y,y,n,y,y,n,y
2000_878834.txt,cot,n,n,y,n,y,n,y,y,n,y
2000_882352.txt,cot,y,y,y,y,y,y,n,y,n,y
2000_879234.txt,cot,n,n,y,y,y,y,n,y,n,y
2000_890512.txt,cot,y,n,y,y,y,n,n,y,n,y
2000_890770.txt,cot,y,y,n,n,y,y,y,y,n,y
2000_891089.txt,cot,y,n,y,y,y,y,n,y,n,y
2000_891125.txt,cot,y,y,y,y,n,y,n,y,n,y
2000_891138.txt,cot,n,n,y,y,y,y,n,y,n,y
2000_891622.txt,cot,n,y,n,n,n,y,y,y,n,y
2000_891322.txt,cot,y,n,n,y,n,y,n,y,n,y
2000_892157.txt,cot,y,n,n,y,y,y,n,y,n,y
2000_892239.txt,cot,y,n,n,y,y,y,y,y,n,y
2000_892829.txt,cot,n,y,n,n,y,n,y,y,n,y
2000_893872.txt,cot,y,n,y,y,n,y,y,y,n,y
2000_892887.txt,cot,y,y,n,y,n,y,n,y,n,y
2000_894277.txt,cot,y,n,n,n,y,y,n,y,n,y
2000_894444.txt,cot,y,y,y,y,y,y,y,y,n,y
2000_894986.txt,cot,y,n,y,n,y,y,n,y,n,y
2000_895005.txt,cot,n,n,y,y,n,n,y,y,n,y
2000_894718.txt,cot,n,y,y,y,n,y,n,y,n,y
2000_896348.txt,cot,n,y,y,y,y,n,y,y,n,y
2000_896506.txt,cot,n,n,y,n,y,n,y,y,n,y
2000_896824.txt,cot,y,n,y,y,y,y,n,y,n,y
2000_897928.txt,cot,n,y,n,n,n,n,y,y,n,y
2000_897981.txt,cot,y,n,y,y,n,y,y,y,n,y
2000_898561.txt,cot,n,y,y,y,y,n,y,y,n,y
2000_899564.txt,cot,n,n,y,y,n,n,n,y,n,y
2000_905497.txt,cot,n,y,n,n,y,y,n,y,n,y
2000_899852.txt,cot,n,n,y,n,y,y,n,y,n,y
2000_904579.txt,cot,y,n,y,n,n,y,n,y,n,y
2000_908148.txt,cot,y,n,y,y,y,y,n,y,n,y
2000_909238.txt,cot,y,y,y,y,n,y,n,y,n,y
2000_908900.txt,cot,y,n,y,y,n,y,n,y,n,y
2000_910351.txt,cot,y,y,y,n,n,n,n,y,n,y
2000_911572.txt,cot,n,n,y,y,y,n,y,y,n,y
2000_911587.txt,cot,n,y,n,n,n,y,n,y,n,y
2000_912341.txt,cot,y,y,y,y,y,y,n,y,n,y
2000_912827.txt,cot,y,y,n,n,n,y,n,y,n,y
2000_912563.txt,cot,n,n,y,y,n,y,n,y,n,y
2000_913207.txt,cot,n,n,n,y,y,y,y,n,n,y
2000_913632.txt,cot,y,n,y,y,y,y,n,y,n,y
2000_913399.txt,cot,y,y,n,n,y,y,y,y,n,y
2000_914067.txt,cot,n,n,n,n,y,y,n,y,n,y
2000_914079.txt,cot,n,y,n,n,n,n,y,y,n,y
2000_914251.txt,cot,y,n,n,y,y,y,n,y,n,y
2000_914317.txt,cot,y,y,y,y,y,y,n,y,n,y
2000_915058.txt,cot,n,y,n,n,y,y,n,y,n,y
2000_915657.txt,cot,y,n,n,n,n,y,n,y,n,y
2000_912233.txt,cot,y,n,n,y,y,y,n,y,n,y
2000_915297.txt,cot,y,y,n,n,y,y,y,y,n,y
2000_916422.txt,cot,y,y,n,n,n,n,y,n,n,y
2000_917531.txt,cot,n,y,n,n,n,y,y,y,n,y
2000_916816.txt,cot,y,n,n,n,n,n,n,y,n,y
2000_918314.txt,cot,y,n,y,y,y,n,n,y,n,y
2000_914520.txt,cot,n,y,n,n,n,n,y,y,n,y
2000_918832.txt,cot,n,n,n,n,y,y,n,y,n,y
2000_918787.txt,cot,n,y,n,n,n,n,y,n,n,y
2000_929783.txt,cot,y,y,n,n,n,y,y,y,n,y
2000_919336.txt,cot,y,y,y,y,y,n,y,y,n,y
2000_930465.txt,cot,y,y,n,n,y,y,y,y,n,y
2000_932050.txt,cot,y,y,n,n,y,n,n,y,n,y
2000_930976.txt,cot,n,n,y,y,y,y,n,y,n,y
2000_931061.txt,cot,n,y,n,n,n,y,y,y,n,y
2000_932839.txt,cot,y,y,n,y,y,y,y,y,n,y
2000_933324.txt,cot,y,y,n,y,n,y,y,y,n,y
2000_933158.txt,cot,y,y,y,y,y,n,y,y,n,y
2000_934269.txt,cot,n,y,n,n,y,n,y,y,n,y
2000_933277.txt,cot,y,y,n,y,n,y,n,y,n,y
2000_933743.txt,cot,n,n,y,y,y,y,y,y,n,y
2000_935602.txt,cot,y,n,y,y,y,y,y,y,n,y
2000_935195.txt,cot,n,n,n,y,y,y,n,y,n,y
2000_936978.txt,cot,n,n,n,n,y,n,y,y,n,y
2000_936005.txt,cot,y,n,n,n,y,y,n,y,n,y
2000_935326.txt,cot,n,y,n,n,n,n,n,y,n,y
2000_938506.txt,cot,n,y,n,n,n,n,n,y,n,y
2000_938520.txt,cot,n,n,n,n,n,y,n,y,n,y
2000_939521.txt,cot,y,n,y,n,y,n,y,n,n,y
2000_940609.txt,cot,y,n,y,y,y,y,n,y,n,y
2000_939561.txt,cot,y,y,n,y,y,y,n,y,n,y
2000_939950.txt,cot,y,n,y,n,n,y,n,y,n,y
2000_945903.txt,cot,n,y,y,n,y,y,n,y,n,y
2000_949785.txt,cot,n,y,n,y,n,y,n,y,n,y
2000_950082.txt,cot,y,n,y,n,y,n,n,y,n,y
2000_950163.txt,cot,y,y,y,n,y,y,y,y,n,y
2000_951137.txt,cot,n,y,y,y,n,y,y,y,n,y
2000_951373.txt,cot,n,y,y,y,n,y,n,y,n,y
2000_951640.txt,cot,y,y,y,n,y,n,n,y,n,y
2000_951548.txt,cot,y,y,n,y,y,y,n,y,n,y
2000_951695.txt,cot,y,n,y,y,n,n,y,y,n,y
2000_952120.txt,cot,n,n,y,y,y,n,n,y,n,y
2000_952164.txt,cot,n,n,n,y,n,y,n,y,n,y
2000_952191.txt,cot,n,n,y,y,n,n,y,y,n,y
2000_952391.txt,cot,y,n,n,n,y,y,n,y,n,y
2000_952457.txt,cot,y,n,n,n,n,y,n,y,n,y
2000_952476.txt,cot,y,y,y,y,n,n,y,y,n,y
2000_952851.txt,cot,y,n,n,y,y,n,y,y,n,y
2000_952907.txt,cot,y,n,n,n,n,y,n,y,n,y
2000_952893.txt,cot,y,n,y,n,y,y,n,y,n,y
2000_952488.txt,cot,y,n,y,n,n,y,n,y,n,y
2000_954100.txt,cot,n,n,n,n,y,y,n,y,n,y
2000_954075.txt,cot,y,y,y,n,y,y,y,n,n,y
2000_953763.txt,cot,n,y,n,n,n,y,n,y,n,y
2000_954203.txt,cot,n,y,y,n,n,y,y,y,n,y
2000_954778.txt,cot,y,n,n,y,n,y,n,y,n,y
2000_956652.txt,cot,n,n,y,n,n,y,n,y,n,y
2000_958343.txt,cot,y,y,n,y,y,n,y,n,n,y
2000_957713.txt,cot,n,n,y,y,n,y,y,y,n,y
2000_959324.txt,cot,n,y,n,n,y,y,y,y,n,y
2000_962395.txt,cot,n,y,n,y,y,n,y,y,n,y
2000_966826.txt,cot,y,y,n,n,y,y,n,y,n,y
2000_973864.txt,cot,n,y,n,y,n,n,n,y,n,y
2000_959855.txt,cot,n,y,y,y,y,y,y,y,n,y
2000_975827.txt,cot,y,n,n,y,n,n,y,y,n,y
2000_975545.txt,cot,y,n,y,y,y,y,y,y,n,y
2000_976039.txt,cot,y,n,n,y,y,n,y,y,n,y
2000_976328.txt,cot,n,y,n,y,n,n,y,y,n,y
2000_979459.txt,cot,n,y,n,n,y,n,y,y,n,y
2000_990457.txt,cot,n,n,y,y,n,n,n,y,n,y
2000_991293.txt,cot,n,y,y,y,n,y,n,y,n,y
2000_992099.txt,cot,n,y,y,y,n,n,y,y,n,y
2000_995275.txt,cot,n,y,n,n,n,n,y,y,n,y
2000_993709.txt,cot,y,n,n,y,y,n,y,y,n,y
2000_993693.txt,cot,y,y,y,n,n,n,y,y,n,y
2000_992182.txt,cot,y,y,y,y,y,y,n,y,n,y
2000_997950.txt,cot,n,y,y,n,n,y,y,y,n,y
2000_997973.txt,cot,y,n,y,y,n,y,n,y,n,y
2002_011190.txt,cot,y,y,n,y,y,y,n,y,n,y
2000_999176.txt,cot,n,y,n,n,y,n,n,y,n,y
2002_012097.txt,cot,y,n,n,y,y,n,n,y,n,y
2002_011084.txt,cot,n,n,y,n,y,y,n,y,n,y
2002_012297.txt,cot,y,n,n,y,y,y,n,y,n,y
2002_013468.txt,cot,y,n,y,y,n,n,y,y,n,y
2002_013073.txt,cot,n,y,n,n,n,y,n,n,n,y
2002_012137.txt,cot,n,n,n,y,y,n,n,y,n,y
2002_016413.txt,cot,n,n,y,n,y,y,n,y,n,y
2002_017993.txt,cot,n,n,n,y,y,y,n,y,n,y
2002_019782.txt,cot,n,y,n,n,n,n,y,y,n,y
2002_024555.txt,cot,y,n,y,n,y,n,y,y,n,y
2002_030576.txt,cot,n,n,y,y,n,n,y,y,n,y
2002_030481.txt,cot,y,n,n,y,y,y,n,y,n,y
2002_031391.txt,cot,y,n,n,n,n,n,y,y,n,y
2002_032413.txt,cot,y,y,n,n,y,y,n,y,n,y
2002_033027.txt,cot,n,y,n,n,y,y,n,y,n,y
2002_036006.txt,cot,y,y,n,y,n,n,y,y,n,y
2002_037308.txt,cot,n,n,y,n,y,n,n,y,n,y
2002_031539.txt,cot,y,n,y,y,n,n,y,y,n,y
2002_037524.txt,cot,n,y,n,n,n,y,n,y,n,y
2002_039325.txt,cot,y,n,n,n,y,n,n,n,n,y
2002_039681.txt,cot,y,y,n,n,n,y,y,y,n,y
2002_039724.txt,cot,y,y,n,y,y,y,y,y,n,y
2002_040858.txt,cot,n,y,n,n,n,y,n,y,n,y
2002_039437.txt,cot,n,n,n,y,n,y,n,y,n,y
2002_050001.txt,cot,n,n,y,n,n,n,y,y,n,y
2002_053186.txt,cot,n,y,n,n,n,n,y,y,n,y
2002_050159.txt,cot,n,y,n,n,y,n,y,n,n,y
2002_053286.txt,cot,n,n,y,y,n,n,y,y,n,y
2002_054506.txt,cot,y,y,y,n,n,y,y,y,n,y
2002_054737.txt,cot,y,n,y,y,y,y,y,y,n,y
2002_056431.txt,cot,y,y,n,y,y,n,y,y,n,y
2002_054002.txt,cot,y,y,n,n,n,y,n,y,n,y
2002_056534.txt,cot,y,n,n,y,n,y,n,y,n,y
2002_058891.txt,cot,y,y,y,y,n,n,y,y,n,y
2002_057765.txt,cot,y,y,n,y,n,y,y,y,n,y
2002_059772.txt,cot,y,n,y,y,y,y,n,y,n,y
2002_061064.txt,cot,n,n,y,n,n,y,n,y,n,y
2002_070547.txt,cot,y,n,y,y,n,y,n,y,n,y
2002_072432.txt,cot,n,y,n,n,y,y,n,y,n,y
2002_075063.txt,cot,n,y,y,n,n,y,n,y,n,y
2002_075732.txt,cot,n,n,y,y,n,y,n,y,n,y
2002_075649.txt,cot,y,y,y,n,y,y,y,y,n,y
2002_077680.txt,cot,n,y,n,y,n,y,n,y,n,y
2002_077466.txt,cot,n,n,n,n,y,n,y,y,n,y
2002_078589.txt,cot,y,y,y,y,n,y,n,y,n,y
2002_078803.txt,cot,n,y,n,n,n,y,n,y,n,y
2002_056707.txt,cot,y,n,y,n,n,y,n,y,n,y
2002_078994.txt,cot,n,y,n,n,n,n,y,y,n,y
2002_079437.txt,cot,y,y,n,n,y,y,n,y,n,y
2002_091020.txt,cot,n,n,y,y,n,y,n,y,n,y
2002_092819.txt,cot,y,n,y,y,y,y,n,y,n,y
2002_095727.txt,cot,n,y,y,n,y,n,y,y,n,y
2002_082237.txt,cot,y,n,y,n,n,y,y,y,n,y
2002_091935.txt,cot,y,n,n,n,y,y,n,y,n,y
2002_097387.txt,cot,n,n,y,n,n,y,n,y,n,y
2002_102020.txt,cot,n,y,n,y,y,y,n,y,n,y
2002_104095.txt,cot,y,n,n,n,y,n,y,y,n,y
2002_105085.txt,cot,n,y,n,n,n,y,n,y,n,y
2002_101063.txt,cot,y,n,y,n,n,y,n,y,n,y
2002_105793.txt,cot,y,n,y,y,n,y,n,y,n,y
2002_107209.txt,cot,n,y,y,n,y,y,y,y,n,y
2002_106590.txt,cot,n,y,y,y,n,y,n,y,n,y
2002_106981.txt,cot,n,n,n,n,y,n,n,y,n,y
2002_107435.txt,cot,n,y,n,n,n,n,y,n,n,y
2002_108161.txt,cot,n,y,n,n,n,n,y,y,n,y
2002_107914.txt,cot,y,y,n,y,n,y,n,y,n,y
2002_107925.txt,cot,y,y,y,y,y,n,y,y,n,y
2002_109622.txt,cot,n,n,y,y,n,y,n,y,n,y
2002_121479.txt,cot,n,n,y,n,n,n,y,y,n,y
2002_121357.txt,cot,y,n,y,n,n,y,n,y,n,y
2002_122312.txt,cot,n,y,n,y,n,y,n,y,n,y
2002_123025.txt,cot,n,n,y,n,y,y,n,y,n,y
2002_127941.txt,cot,y,n,y,y,n,y,y,y,n,y
2002_129211.txt,cot,y,n,n,y,y,y,n,y,n,y
2002_134251.txt,cot,y,n,y,n,y,n,y,y,n,y
2002_136641.txt,cot,y,n,n,y,n,n,y,y,n,y
2002_142749.txt,cot,y,y,n,n,n,y,n,y,n,y
2002_098864.txt,cot,n,n,y,y,n,y,y,y,n,y
2002_122581.txt,cot,n,n,n,y,y,y,n,y,n,y
2002_143981.txt,cot,y,y,y,n,n,y,y,y,n,y
2002_145993.txt,cot,n,y,n,y,y,y,n,y,n,y
2002_147025.txt,cot,n,y,n,n,n,n,y,y,n,y
2002_147942.txt,cot,n,y,n,y,y,y,n,y,n,y
2002_159833.txt,cot,y,n,n,y,n,y,n,y,n,y
2002_155948.txt,cot,y,n,n,n,y,n,n,y,n,y
2002_166663.txt,cot,y,n,y,n,n,y,y,y,n,y
2002_162856.txt,cot,n,n,n,y,y,y,n,y,n,y
2002_167717.txt,cot,y,n,y,y,n,y,n,y,n,y
2002_178264.txt,cot,n,n,n,n,y,n,y,y,n,y
2002_183166.txt,cot,n,y,y,y,n,y,y,y,n,y
2002_196396.txt,cot,n,n,y,y,n,y,n,y,n,y
2002_226723.txt,cot,y,n,n,y,y,n,n,y,n,y
2002_230441.txt,cot,y,y,n,y,n,y,n,y,n,y
2002_248117.txt,cot,n,n,y,y,y,n,y,y,n,y
2002_293192.txt,cot,y,n,y,y,y,y,n,y,n,y
2002_243325.txt,cot,n,y,n,y,n,y,y,y,n,y
2002_243882.txt,cot,y,n,y,y,y,y,n,y,n,y
2002_285967.txt,cot,y,y,n,n,y,y,n,y,n,y
2002_309031.txt,cot,n,n,y,y,y,y,n,y,n,y
2002_325630.txt,cot,y,n,y,n,n,y,n,y,n,y
2002_314490.txt,cot,n,n,n,n,n,n,y,y,n,y
2002_362136.txt,cot,y,n,y,n,y,y,n,y,n,y
2002_371941.txt,cot,y,y,n,n,y,n,y,y,n,y
2002_368760.txt,cot,y,n,n,y,n,y,n,y,n,y
2002_372240.txt,cot,n,n,y,n,n,y,n,y,n,y
2002_372968.txt,cot,y,y,y,n,y,y,n,y,n,y
2002_381292.txt,cot,n,y,n,n,y,n,y,y,n,y
2002_415181.txt,cot,y,y,n,n,y,y,y,y,n,y
2002_387292.txt,cot,n,y,n,y,n,y,y,n,n,y
2002_423774.txt,cot,n,y,n,n,y,n,n,y,n,y
2002_425417.txt,cot,n,y,y,n,y,n,y,y,n,y
2002_438589.txt,cot,n,y,n,y,n,n,y,y,n,y
2002_464678.txt,cot,y,n,n,n,y,y,n,y,n,y
2002_484135.txt,cot,y,y,y,n,n,y,n,y,n,y
2002_478832.txt,cot,n,n,n,y,n,n,y,y,n,y
2002_494571.txt,cot,y,n,n,y,y,y,n,y,n,y
2002_483303.txt,cot,n,n,n,n,n,n,n,y,n,y
2002_496623.txt,cot,n,n,y,y,n,n,y,y,n,y
2002_497579.txt,cot,n,n,y,y,y,n,n,y,n,y
2002_517265.txt,cot,n,y,y,n,n,y,n,y,n,y
2002_516812.txt,cot,y,n,n,y,y,y,n,y,n,y
2002_517301.txt,cot,n,n,n,n,y,n,y,y,n,y
2002_503062.txt,cot,n,y,y,y,n,y,n,y,n,y
2002_517848.txt,cot,n,n,n,n,n,n,n,y,n,y
2002_523940.txt,cot,n,y,y,n,n,y,n,y,n,y
2002_524226.txt,cot,y,y,n,n,n,y,y,y,n,y
2002_519780.txt,cot,n,y,n,n,n,n,y,y,n,y
2002_524643.txt,cot,n,n,n,y,y,n,y,y,n,y
2002_530975.txt,cot,y,n,n,n,y,y,n,y,n,y
2002_534467.txt,cot,y,y,n,y,n,n,n,y,n,y
2002_538120.txt,cot,y,n,y,y,y,y,n,y,n,y
2002_536911.txt,cot,y,n,y,y,y,n,y,y,n,y
2002_537905.txt,cot,y,y,y,n,y,y,y,y,n,y
2002_538196.txt,cot,y,y,y,y,y,y,y,y,n,y
2002_556484.txt,cot,n,y,n,n,y,n,y,y,n,y
2002_552990.txt,cot,n,n,y,y,y,y,n,y,n,y
2002_578490.txt,cot,y,y,y,y,y,n,y,y,n,y
2002_595268.txt,cot,n,y,n,n,y,n,y,y,y,y
2002_584034.txt,cot,n,n,y,y,y,y,n,y,n,y
2002_593941.txt,cot,n,y,y,y,y,y,n,y,n,y
2002_609940.txt,cot,n,y,n,n,n,y,n,y,n,y
2002_610093.txt,cot,n,n,n,n,n,y,n,y,n,y
2002_612369.txt,cot,y,n,y,y,y,y,n,y,n,y
2002_619916.txt,cot,y,n,y,y,n,n,y,y,n,y
2002_619972.txt,cot,n,y,n,n,y,n,y,y,n,y
2002_631016.txt,cot,y,n,y,y,y,y,y,y,n,y
2002_631686.txt,cot,y,n,y,n,n,y,n,y,n,y
2002_637194.txt,cot,y,n,y,y,y,y,n,y,n,y
2002_643142.txt,cot,n,n,n,n,y,n,y,y,n,y
2002_637171.txt,cot,n,n,y,y,n,y,y,y,n,y
2002_647168.txt,cot,n,n,n,n,n,y,n,y,n,y
2002_618490.txt,cot,n,y,n,n,y,n,y,y,n,y
2002_643046.txt,cot,n,y,n,n,y,n,y,y,n,y
2002_650332.txt,cot,y,y,n,y,y,y,y,y,n,y
2002_651690.txt,cot,y,n,n,n,n,y,n,y,n,y
2002_652482.txt,cot,y,y,y,y,n,y,y,y,n,y
2002_653595.txt,cot,n,y,y,n,n,n,n,y,n,y
2002_651875.txt,cot,y,n,y,n,y,y,n,y,n,y
2002_653762.txt,cot,y,n,n,y,n,y,n,y,n,y
2002_652604.txt,cot,n,y,y,y,n,y,n,y,n,y
2002_654278.txt,cot,y,n,n,y,n,y,n,y,n,y
2002_654953.txt,cot,n,n,n,y,y,n,n,y,n,y
2002_654785.txt,cot,n,y,n,n,y,y,y,y,n,y
2002_653140.txt,cot,y,y,n,n,n,y,y,y,n,y
2002_655082.txt,cot,n,n,n,n,n,y,n,y,n,y
2002_657022.txt,cot,n,y,y,y,y,n,y,y,n,y
2002_657764.txt,cot,y,n,y,n,y,n,n,y,n,y
2002_659246.txt,cot,y,n,y,y,n,y,n,y,n,y
2002_659436.txt,cot,n,n,n,y,n,y,n,y,n,y
2002_659290.txt,cot,n,y,n,y,n,y,y,y,n,y
2002_663634.txt,cot,n,y,y,y,n,n,y,y,n,y
2002_659456.txt,cot,n,n,n,y,n,n,n,y,n,y
2002_671391.txt,cot,n,y,n,y,n,n,y,y,n,y
2002_665348.txt,cot,n,n,y,y,y,y,n,y,n,y
2002_672254.txt,cot,n,y,n,y,n,y,n,y,n,y
2002_672547.txt,cot,y,y,n,n,y,y,n,y,n,y
2002_672631.txt,cot,n,y,n,y,n,n,y,y,n,y
2002_673275.txt,cot,n,y,y,n,n,y,n,y,n,y
2002_672697.txt,cot,n,y,n,y,n,n,y,y,n,y
2002_673433.txt,cot,n,n,y,y,n,y,n,y,n,y
2002_672755.txt,cot,n,y,y,y,n,y,n,y,n,y
2002_673493.txt,cot,y,n,y,y,n,y,n,y,n,y
2002_673962.txt,cot,n,y,y,y,y,y,n,y,n,y
2002_674956.txt,cot,n,n,y,n,y,y,n,y,n,y
2002_675006.txt,cot,n,n,y,n,y,y,n,y,n,y
2002_674784.txt,cot,y,n,n,n,y,y,n,y,n,y
2002_674833.txt,cot,y,y,y,n,y,y,n,y,n,y
2002_675023.txt,cot,y,n,y,n,n,y,n,y,n,y
2002_676062.txt,cot,n,y,y,n,n,y,y,y,n,y
2002_676085.txt,cot,y,n,y,n,y,n,y,y,n,y
2002_675309.txt,cot,n,n,n,n,y,n,y,y,n,y
2002_676095.txt,cot,n,n,y,y,y,n,n,y,n,y
2002_676992.txt,cot,y,n,y,y,n,y,n,y,n,y
2002_678172.txt,cot,n,y,n,n,y,y,y,y,n,y
2002_678269.txt,cot,y,y,n,n,n,y,n,y,n,y
2002_678520.txt,cot,n,n,y,y,n,y,n,y,n,y
2002_677203.txt,cot,n,n,y,n,n,n,n,n,y,y
2002_678622.txt,cot,y,n,n,n,y,n,y,y,n,y
2002_679216.txt,cot,y,y,y,y,y,y,y,y,n,y
2002_678839.txt,cot,y,n,y,y,y,y,y,y,n,y
2002_680572.txt,cot,n,n,y,y,y,y,n,y,n,y
2002_680513.txt,cot,y,n,n,n,y,y,n,y,n,y
2002_690231.txt,cot,n,n,y,y,y,y,y,y,n,y
2002_690395.txt,cot,y,y,y,n,n,y,y,y,n,y
2002_690292.txt,cot,y,n,n,y,n,y,n,y,n,y
2002_690992.txt,cot,n,y,y,n,y,y,y,y,n,y
2002_691745.txt,cot,n,n,y,n,n,y,n,y,n,y
2002_692554.txt,cot,y,n,n,n,y,y,n,y,n,y
2002_692681.txt,cot,n,y,n,n,n,y,n,y,n,y
2002_692908.txt,cot,n,y,n,n,n,n,y,y,n,y
2002_693429.txt,cot,y,n,y,n,y,y,n,y,n,y
2002_693141.txt,cot,y,y,n,n,y,y,y,y,n,y
2002_693614.txt,cot,n,y,n,n,y,y,n,y,n,y
2002_694049.txt,cot,y,n,n,n,n,y,n,y,n,y
2002_693916.txt,cot,y,n,y,y,y,y,n,y,n,y
2002_695597.txt,cot,y,n,y,y,y,y,n,y,n,y
2002_696024.txt,cot,y,n,y,y,n,y,n,y,n,y
2002_695757.txt,cot,y,n,y,n,y,y,n,y,n,y
2002_696715.txt,cot,n,y,n,y,y,y,n,y,n,y
2002_699374.txt,cot,y,y,y,y,n,y,y,y,n,y
2002_698229.txt,cot,y,n,y,y,y,y,n,y,n,y
2002_703402.txt,cot,y,y,n,n,y,y,y,y,n,y
2002_699655.txt,cot,y,y,n,y,y,y,y,y,n,y
2002_708914.txt,cot,n,n,y,y,n,y,n,y,n,y
2002_712420.txt,cot,n,n,n,n,y,n,y,y,n,y
2002_710314.txt,cot,n,n,y,y,y,y,n,y,n,y
2002_712631.txt,cot,y,n,n,n,n,n,y,y,n,y
2002_712619.txt,cot,y,n,y,y,y,n,n,y,n,y
2002_713375.txt,cot,y,n,y,y,y,y,n,y,n,y
2002_715289.txt,cot,y,n,y,y,y,y,n,y,n,y
2002_715655.txt,cot,n,n,n,y,y,y,n,y,n,y
2002_715297.txt,cot,y,n,y,n,y,y,n,y,n,y
2002_716179.txt,cot,n,n,n,n,n,y,n,y,n,y
2002_716298.txt,cot,y,y,y,n,y,y,n,y,n,y
2002_716585.txt,cot,n,y,y,n,y,n,y,y,n,y
2002_717239.txt,cot,y,y,n,y,n,y,n,y,n,y
2002_717531.txt,cot,n,y,n,y,n,y,n,y,n,y
2002_717530.txt,cot,y,n,n,y,y,y,n,y,n,y
2002_714486.txt,cot,n,y,y,n,n,y,y,y,n,y
2002_718663.txt,cot,n,n,y,y,y,y,n,y,n,y
2002_718305.txt,cot,y,y,y,y,y,y,n,y,n,y
2002_723345.txt,cot,n,y,n,n,n,n,y,y,n,y
2002_725541.txt,cot,n,y,y,n,n,y,n,y,n,y
2002_730158.txt,cot,n,y,y,n,y,y,n,y,n,y
2002_718733.txt,cot,y,y,n,n,n,y,n,y,n,y
2002_727946.txt,cot,n,y,n,n,n,y,n,y,n,y
2002_730515.txt,cot,y,n,y,y,y,n,y,y,n,y
2002_733503.txt,cot,n,n,y,y,y,y,n,y,n,y
2002_734040.txt,cot,y,n,n,n,n,n,y,y,n,y
2002_734462.txt,cot,n,n,n,n,n,y,n,y,n,y
2002_735375.txt,cot,y,y,y,y,y,n,n,y,n,y
2002_733150.txt,cot,y,y,n,n,y,y,n,y,n,y
2002_735955.txt,cot,y,n,n,n,y,n,y,y,n,y
2002_736090.txt,cot,n,n,y,n,y,y,n,y,n,y
2002_737137.txt,cot,y,y,y,y,y,y,n,y,n,y
2002_737822.txt,cot,n,n,y,y,n,y,y,y,n,y
2002_738486.txt,cot,n,y,n,n,y,n,y,y,n,y
2002_738727.txt,cot,n,y,y,y,n,n,y,y,n,y
2002_738926.txt,cot,y,n,y,y,y,n,y,y,n,y
2002_747057.txt,cot,y,n,y,y,y,n,y,y,n,y
2002_750740.txt,cot,n,y,n,n,y,n,y,y,n,y
2002_741268.txt,cot,n,n,y,n,y,y,n,y,n,y
2002_752488.txt,cot,n,n,y,n,n,y,n,y,n,y
2002_750065.txt,cot,y,y,y,n,n,n,y,y,n,y
2002_758960.txt,cot,y,n,y,n,n,y,n,y,n,y
2002_756924.txt,cot,y,y,y,y,n,y,y,y,n,y
2002_759236.txt,cot,n,n,y,y,n,y,n,y,n,y
2002_751972.txt,cot,n,y,y,n,n,n,y,y,n,y
2002_759882.txt,cot,n,y,n,y,y,n,y,y,n,y
2002_763964.txt,cot,n,y,y,y,n,y,y,y,n,y
2002_765168.txt,cot,y,y,n,n,n,y,y,y,n,y
2002_765933.txt,cot,y,n,y,y,y,y,n,y,n,y
2002_766324.txt,cot,n,y,n,y,n,y,y,y,n,y
2002_769785.txt,cot,y,y,n,y,n,y,y,y,n,y
2002_772200.txt,cot,y,n,y,n,y,y,y,y,n,y
2002_770416.txt,cot,n,y,n,n,n,n,y,y,n,y
2002_773215.txt,cot,y,y,y,y,n,y,n,y,n,y
2002_773379.txt,cot,y,n,n,y,n,y,n,y,n,y
2002_790094.txt,cot,y,y,y,n,n,y,y,y,n,y
2002_792236.txt,cot,y,n,y,y,y,y,n,y,n,y
2002_780856.txt,cot,y,y,n,n,n,n,y,y,n,y
2002_792967.txt,cot,n,y,n,n,n,y,y,y,n,y
2002_794270.txt,cot,y,n,y,n,y,y,n,y,n,y
2002_795829.txt,cot,y,n,y,n,y,y,y,y,n,y
2002_796644.txt,cot,y,n,y,y,n,y,n,y,n,y
2002_775925.txt,cot,n,n,y,n,y,y,n,y,n,y
2002_798513.txt,cot,y,y,y,n,y,n,y,y,n,y
2002_803852.txt,cot,y,n,n,y,y,n,n,y,n,y
2002_798304.txt,cot,n,y,n,n,y,y,n,y,n,y
2002_805223.txt,cot,y,n,y,n,n,n,y,y,n,y
2002_804782.txt,cot,y,n,y,n,n,n,y,y,n,y
2002_809993.txt,cot,n,y,y,y,y,y,y,n,n,y
2002_810133.txt,cot,y,y,y,n,y,y,n,y,n,y
2002_816194.txt,cot,y,y,n,n,n,n,y,n,n,y
2002_759716.txt,cot,n,y,y,n,y,y,n,y,n,y
2002_815739.txt,cot,y,y,n,n,n,y,n,y,n,y
2002_818682.txt,cot,n,n,n,n,y,y,y,n,n,y
2002_818242.txt,cot,y,n,y,y,n,n,y,y,y,y
2002_819430.txt,cot,n,y,y,y,n,n,y,y,n,y
2002_822358.txt,cot,n,y,y,y,y,n,y,y,n,y
2002_819526.txt,cot,n,n,n,y,n,n,y,y,n,y
2002_830128.txt,cot,n,n,n,y,n,y,y,y,n,y
2002_830131.txt,cot,n,n,y,n,n,n,n,y,n,y
2002_830353.txt,cot,y,y,y,n,y,n,n,n,n,y
2002_833127.txt,cot,y,n,y,n,y,y,n,y,n,y
2002_833487.txt,cot,y,y,n,n,n,y,n,y,n,y
2002_822367.txt,cot,y,n,n,y,y,y,n,y,n,y
2002_835961.txt,cot,y,n,n,n,n,n,y,y,n,y
2002_833527.txt,cot,n,y,y,n,y,y,y,y,n,y
2002_835543.txt,cot,y,y,y,n,y,n,y,y,n,y
2002_835051.txt,cot,y,n,y,y,n,y,y,y,n,y
2002_836474.txt,cot,n,y,n,y,n,y,n,y,n,y
2002_843716.txt,cot,y,n,y,n,n,n,n,y,n,y
2002_836984.txt,cot,n,y,n,n,y,n,n,y,n,y
2002_838530.txt,cot,y,y,n,y,y,y,y,y,n,y
2002_854190.txt,cot,n,n,y,y,n,y,y,y,n,y
2002_841476.txt,cot,n,y,y,y,y,y,y,y,n,y
2002_855878.txt,cot,y,y,y,y,y,y,n,y,n,y
2002_854684.txt,cot,y,n,n,y,n,y,n,y,n,y
2002_856872.txt,cot,n,y,n,n,n,n,y,y,n,y
2002_857261.txt,cot,y,n,y,y,y,y,y,y,n,y
2002_855472.txt,cot,n,y,n,y,n,y,n,y,n,y
2002_870737.txt,cot,y,n,y,y,n,y,n,y,n,y
2002_864597.txt,cot,y,n,y,n,n,y,y,y,n,y
2002_871615.txt,cot,y,n,n,y,y,y,n,y,n,y
2002_875611.txt,cot,n,y,y,n,n,y,n,y,n,y
2002_875628.txt,cot,y,n,y,n,n,y,n,y,n,y
2002_875711.txt,cot,y,y,n,y,y,y,n,y,n,y
2002_880165.txt,cot,y,n,y,n,n,y,n,y,n,y
2002_877267.txt,cot,y,n,y,y,y,y,y,y,n,y
2002_891066.txt,cot,y,n,y,n,y,y,n,y,n,y
2002_892957.txt,cot,n,y,y,n,y,n,n,y,n,y
2002_873089.txt,cot,y,n,y,y,y,n,y,y,n,y
2002_896653.txt,cot,y,n,y,n,y,y,n,y,n,y
2002_897828.txt,cot,y,n,y,y,n,y,n,y,n,y
2002_898153.txt,cot,n,y,y,y,y,y,y,y,n,y
2002_904419.txt,cot,y,n,y,n,n,y,y,y,n,y
2002_906448.txt,cot,y,n,y,y,n,y,n,y,n,y
2002_912232.txt,cot,y,y,y,y,n,y,n,y,n,y
2002_911754.txt,cot,y,n,n,n,y,y,n,y,n,y
2002_913549.txt,cot,n,n,n,n,y,y,n,y,n,y
2002_913929.txt,cot,y,y,n,n,n,y,n,y,n,y
2002_916663.txt,cot,n,n,n,n,n,y,n,y,n,y
2002_917983.txt,cot,n,n,y,y,n,y,y,y,n,y
2002_919167.txt,cot,y,n,n,n,y,n,n,y,n,y
2002_917507.txt,cot,y,n,y,n,y,y,n,y,n,y
2002_918284.txt,cot,y,y,y,y,n,y,n,y,n,y
2002_924957.txt,cot,y,n,y,y,y,y,y,y,n,y
2002_926472.txt,cot,y,y,n,y,y,y,y,y,n,y
2002_930254.txt,cot,y,y,y,n,n,y,n,y,n,y
2002_928929.txt,cot,y,y,n,n,n,y,y,y,n,y
2002_918671.txt,cot,n,y,y,n,n,y,y,y,n,y
2002_931069.txt,cot,y,y,n,n,y,y,n,y,n,y
2002_930911.txt,cot,y,n,y,n,y,y,n,y,n,y
2002_932909.txt,cot,n,y,y,n,n,n,y,y,n,y
2002_934039.txt,cot,n,y,y,y,n,n,y,y,n,y
2002_936431.txt,cot,n,n,n,n,n,y,n,y,n,y
2002_938191.txt,cot,y,n,n,n,y,n,n,y,n,y
2002_938041.txt,cot,y,y,y,n,y,n,n,y,n,y
2002_939045.txt,cot,n,y,n,n,y,n,y,n,n,y
2002_939162.txt,cot,y,y,n,n,y,y,n,y,n,y
2002_941898.txt,cot,n,y,n,n,n,y,n,y,n,y
2002_950971.txt,cot,n,n,y,y,n,y,n,y,n,y
2002_934127.txt,cot,n,n,n,y,y,n,y,y,n,y
2002_953034.txt,cot,y,y,n,n,n,y,y,y,n,y
2002_953283.txt,cot,y,n,n,y,y,y,n,y,n,y
2002_951305.txt,cot,n,n,y,n,y,n,y,y,n,y
2002_953340.txt,cot,n,y,n,y,y,y,n,y,n,y
2002_953576.txt,cot,y,n,y,y,y,y,y,n,n,y
2002_955033.txt,cot,y,n,y,n,n,n,y,y,n,y
2002_955372.txt,cot,y,y,y,n,y,n,y,y,n,y
2002_955576.txt,cot,y,y,n,y,y,n,y,y,n,y
2002_955716.txt,cot,n,n,y,y,n,n,y,y,n,y
2002_956743.txt,cot,y,y,n,y,n,y,n,y,n,y
2002_957362.txt,cot,y,y,n,y,y,n,y,y,n,y
2002_958061.txt,cot,y,y,y,n,y,n,y,y,n,y
2002_966552.txt,cot,y,y,y,y,n,y,y,y,n,y
2002_958137.txt,cot,y,n,y,n,y,y,y,y,n,y
2002_969641.txt,cot,y,y,n,n,n,y,n,y,n,y
2002_972172.txt,cot,y,y,y,n,y,n,n,y,n,y
2002_972407.txt,cot,y,y,y,y,y,y,y,y,n,y
2002_972972.txt,cot,y,y,n,n,y,y,n,y,n,y
2002_975468.txt,cot,n,n,y,y,y,n,y,y,n,y
2002_974654.txt,cot,n,y,y,n,n,n,y,n,n,y
2002_979377.txt,cot,n,y,y,n,n,y,y,y,n,y
2002_972796.txt,cot,n,n,y,y,n,n,y,,n,y
2002_979598.txt,cot,y,y,n,y,n,n,y,y,y,y
2002_979646.txt,cot,n,y,y,n,y,y,n,y,n,y
2002_987315.txt,cot,n,y,y,n,n,y,y,y,n,y
2002_990120.txt,cot,y,n,y,n,n,y,n,y,n,y
2002_991230.txt,cot,n,n,n,n,y,y,n,y,n,y
2002_996434.txt,cot,y,n,n,y,y,y,y,y,n,y
2002_995661.txt,cot,y,y,n,n,n,y,n,y,n,y
2002_998805.txt,cot,n,n,n,y,y,y,n,y,n,y
2003_8.txt,cot,n,y,n,n,y,y,n,y,n,y
2003_10.txt,cot,n,y,y,n,y,n,n,y,n,y
2003_11.txt,cot,n,n,y,y,y,y,n,y,n,y
2003_13.txt,cot,y,y,y,y,n,y,n,y,n,y
2003_18.txt,cot,y,y,y,y,y,y,n,y,n,y
2003_14.txt,cot,n,n,y,y,n,y,y,y,n,y
2003_15.txt,cot,y,y,n,y,y,y,n,y,n,y
2003_21.txt,cot,y,n,n,n,n,y,y,y,n,y
2003_16.txt,cot,y,n,y,n,n,y,n,y,n,y
2003_23.txt,cot,n,y,n,y,n,n,y,y,n,y
2003_25.txt,cot,n,n,y,n,y,y,n,y,n,y
2003_24.txt,cot,n,n,y,n,y,n,y,y,n,y
2003_26.txt,cot,n,n,y,y,y,n,n,y,n,y
2003_27.txt,cot,n,y,n,n,n,n,y,y,n,y
2003_28.txt,cot,n,n,n,y,y,y,n,y,n,y
2003_31.txt,cot,n,n,y,n,y,y,n,y,n,y
2003_34.txt,cot,n,n,y,n,y,y,y,y,n,y
2003_30.txt,cot,y,n,n,n,y,n,y,y,n,y
2003_35.txt,cot,y,n,n,y,y,y,n,y,n,y
2003_33.txt,cot,y,y,n,n,y,n,y,y,n,y
2003_39.txt,cot,y,n,y,y,n,y,n,y,n,y
2003_40.txt,cot,n,y,n,n,y,y,y,y,n,y
2003_38.txt,cot,n,y,y,y,n,y,n,y,n,y
2003_42.txt,cot,n,y,n,n,n,n,y,y,n,y
2003_43.txt,cot,y,y,y,n,y,y,y,y,n,y
2003_45.txt,cot,y,n,n,y,n,n,y,y,n,y
2003_47.txt,cot,n,n,y,y,n,n,y,y,n,y
2003_46.txt,cot,y,n,y,n,y,y,n,y,n,y
2003_51.txt,cot,n,n,y,y,n,y,y,y,n,y
2003_53.txt,cot,y,n,n,n,y,n,y,y,n,y
2003_57.txt,cot,y,n,n,y,n,y,n,y,n,y
2003_55.txt,cot,y,n,y,y,y,y,n,y,n,y
2003_58.txt,cot,y,n,y,y,y,n,y,y,n,y
2003_59.txt,cot,n,n,y,y,n,n,n,y,n,y
2003_60.txt,cot,n,y,n,n,y,n,n,y,n,y
2003_63.txt,cot,n,y,y,y,y,n,y,y,n,y
2003_61.txt,cot,n,n,y,n,y,y,n,y,n,y
2003_65.txt,cot,n,y,y,n,n,y,y,y,n,y
2003_67.txt,cot,y,n,n,y,y,n,y,y,n,y
2003_68.txt,cot,n,n,n,n,n,y,n,y,n,y
2003_69.txt,cot,n,n,y,y,n,y,n,y,n,y
2003_70.txt,cot,y,n,y,y,y,y,n,y,n,y
2003_72.txt,cot,n,n,y,y,n,y,n,y,n,y
2003_74.txt,cot,y,n,y,y,y,n,y,y,n,y
2003_75.txt,cot,y,y,y,y,y,n,n,y,n,y
2003_79.txt,cot,y,y,n,y,n,y,y,y,n,y
2003_77.txt,cot,n,y,n,n,y,y,y,y,n,y
2003_76.txt,cot,y,n,y,n,y,n,n,y,n,y
2003_80.txt,cot,n,y,y,n,n,y,y,y,n,y
2003_82.txt,cot,y,n,y,y,y,y,n,y,n,y
2003_83.txt,cot,y,y,y,n,n,y,n,y,n,y
2003_86.txt,cot,n,n,y,n,y,y,n,y,n,y
2003_87.txt,cot,n,y,n,n,y,y,n,y,n,y
2003_89.txt,cot,n,y,n,n,y,n,y,y,n,y
2003_90.txt,cot,n,y,n,y,n,n,n,y,n,y
2003_91.txt,cot,n,n,n,n,y,n,y,y,n,y
2003_92.txt,cot,y,n,y,n,y,y,y,y,n,y
2003_94.txt,cot,y,y,y,y,n,y,n,y,n,y
2003_93.txt,cot,y,y,n,y,n,y,y,y,n,y
2003_97.txt,cot,n,n,y,y,n,y,y,n,n,y
2003_96.txt,cot,y,y,y,n,n,y,y,y,n,y
2003_95.txt,cot,y,n,y,n,y,y,y,y,n,y
2003_98.txt,cot,n,y,y,y,n,y,y,y,n,y
2003_99.txt,cot,n,y,y,y,y,y,n,y,n,y
2003_101.txt,cot,y,y,n,n,y,y,n,y,n,y
2003_104.txt,cot,n,y,n,y,y,n,y,y,n,y
2003_105.txt,cot,y,y,y,n,y,n,y,y,n,y
2003_100.txt,cot,y,y,n,n,y,y,n,y,n,y
2003_110.txt,cot,n,n,y,n,n,y,y,y,n,y
2003_111.txt,cot,y,n,y,y,n,y,y,y,n,y
2003_106.txt,cot,n,y,n,y,n,y,y,n,n,y
2003_115.txt,cot,n,y,y,y,y,y,y,y,n,y
2003_112.txt,cot,n,y,n,n,n,n,y,y,n,y
2003_114.txt,cot,n,y,y,y,n,n,y,y,n,y
2003_117.txt,cot,y,n,y,y,n,y,y,y,n,y
2003_119.txt,cot,n,y,n,y,y,y,n,y,n,y
2003_120.txt,cot,y,n,n,n,n,y,y,n,n,y
2003_116.txt,cot,y,y,y,n,y,y,n,y,n,y
2003_121.txt,cot,y,y,n,n,n,y,n,y,n,y
2003_126.txt,cot,y,y,n,n,y,n,y,y,n,y
2003_127.txt,cot,n,n,n,n,y,y,y,y,n,y
2003_122.txt,cot,n,n,y,y,n,y,y,y,n,y
2003_128.txt,cot,n,y,y,n,n,n,y,y,n,y
2003_130.txt,cot,n,y,y,n,y,n,y,y,n,y
2003_131.txt,cot,n,n,n,y,n,y,n,y,n,y
2003_129.txt,cot,n,n,y,n,n,n,y,y,n,y
2003_133.txt,cot,y,n,n,n,y,y,y,y,n,y
2003_132.txt,cot,y,y,y,y,n,y,n,y,n,y
2003_134.txt,cot,y,n,n,n,n,y,n,y,n,y
2003_136.txt,cot,n,y,y,n,y,n,y,y,n,y
2003_139.txt,cot,n,y,y,y,y,y,n,y,n,y
2003_137.txt,cot,n,y,n,n,y,y,n,y,n,y
2003_135.txt,cot,n,n,n,n,y,n,y,y,n,y
2003_140.txt,cot,n,n,n,y,y,n,n,y,n,y
2003_141.txt,cot,n,n,y,n,y,y,n,y,n,y
2003_142.txt,cot,n,n,y,n,y,y,n,y,n,y
2003_144.txt,cot,n,y,y,n,n,y,y,y,n,y
2003_145.txt,cot,n,y,n,y,n,y,n,y,n,y
2003_148.txt,cot,n,n,n,n,y,y,n,y,n,y
2003_149.txt,cot,n,n,y,n,n,n,y,y,n,y
2003_150.txt,cot,y,n,y,n,y,n,y,y,n,y
2003_118.txt,cot,y,n,y,y,n,y,n,y,n,y
2003_155.txt,cot,y,n,y,y,y,y,n,y,n,y
2003_159.txt,cot,y,n,y,y,y,y,n,y,n,y
2003_151.txt,cot,y,y,y,y,n,y,y,y,n,y
2003_160.txt,cot,y,y,n,n,y,n,y,n,y,y
2003_152.txt,cot,n,y,y,y,y,n,y,y,n,y
2003_162.txt,cot,y,n,y,n,y,y,n,y,n,y
2003_165.txt,cot,y,y,n,y,y,n,y,y,n,y
2003_164.txt,cot,n,y,n,y,y,y,n,y,n,y
2003_166.txt,cot,y,n,y,y,y,y,n,y,n,y
2003_171.txt,cot,n,y,n,y,y,n,y,y,n,y
2003_167.txt,cot,y,y,n,y,y,y,n,y,y,y
2003_168.txt,cot,n,y,n,n,n,n,y,y,n,y
2003_169.txt,cot,y,n,y,n,y,n,n,y,n,y
2003_170.txt,cot,y,n,y,y,n,y,n,y,n,y
2003_176.txt,cot,n,n,y,y,n,n,n,y,n,y
2003_175.txt,cot,y,n,n,n,y,y,n,y,n,y
2003_181.txt,cot,y,n,n,y,n,n,n,y,n,y
2003_174.txt,cot,n,y,y,n,n,n,y,y,n,y
2003_179.txt,cot,y,y,n,n,n,y,y,y,n,y
2003_184.txt,cot,y,y,n,n,n,y,n,y,n,y
2003_185.txt,cot,y,y,y,n,n,y,n,y,n,y
2003_183.txt,cot,y,y,y,y,y,n,y,y,n,y
2003_186.txt,cot,y,y,y,y,n,y,n,y,n,y
2003_188.txt,cot,n,n,n,n,y,y,n,y,n,y
2003_189.txt,cot,y,n,y,y,n,y,n,y,n,y
2003_191.txt,cot,y,y,n,y,n,n,y,y,n,y
2003_192.txt,cot,n,n,n,y,y,n,n,y,n,y
2003_194.txt,cot,y,n,y,n,n,y,n,y,n,y
2003_193.txt,cot,y,y,y,y,n,y,y,y,n,y
2003_196.txt,cot,y,y,n,n,n,y,n,y,n,y
2003_198.txt,cot,n,n,y,n,y,y,y,y,n,y
2003_195.txt,cot,y,n,y,y,y,n,n,y,n,y
2003_200.txt,cot,y,n,y,n,y,n,y,y,n,y
2003_197.txt,cot,y,n,y,y,y,n,n,y,n,y
2003_202.txt,cot,y,n,y,y,n,y,n,y,n,y
2003_199.txt,cot,y,n,y,n,y,n,y,y,n,y
2003_204.txt,cot,y,y,n,n,y,y,n,y,n,y
2003_205.txt,cot,n,n,n,n,y,n,y,y,n,y
2003_207.txt,cot,n,y,y,y,y,y,y,y,n,y
2003_203.txt,cot,n,y,y,n,n,y,y,y,n,y
2003_206.txt,cot,n,y,n,y,n,y,y,y,n,y
2003_208.txt,cot,y,y,y,y,n,y,n,y,n,y
2003_209.txt,cot,y,n,n,y,n,y,n,y,n,y
2003_210.txt,cot,n,n,n,y,y,y,n,y,n,y
2003_214.txt,cot,n,n,n,y,y,n,n,y,n,y
2003_211.txt,cot,n,n,y,n,y,y,n,y,n,y
2003_217.txt,cot,y,y,n,y,y,y,n,y,n,y
2003_216.txt,cot,y,n,n,n,y,y,n,y,n,y
2003_218.txt,cot,n,y,y,y,y,n,y,y,n,y
2003_219.txt,cot,y,n,y,n,n,y,n,y,n,y
2003_224.txt,cot,y,y,n,y,y,y,y,y,n,y
2003_223.txt,cot,n,y,n,n,y,n,n,y,n,y
2003_220.txt,cot,y,y,n,n,n,n,y,y,n,y
2003_225.txt,cot,y,n,n,n,n,y,n,y,n,y
2003_231.txt,cot,y,n,n,y,n,y,y,y,n,y
2003_228.txt,cot,n,y,y,n,n,y,n,y,n,y
2003_229.txt,cot,y,n,y,y,y,y,n,y,n,y
2003_232.txt,cot,n,y,n,n,y,n,y,y,n,y
2003_233.txt,cot,y,n,y,y,y,y,n,y,n,y
2003_234.txt,cot,y,n,y,y,y,n,y,y,n,y
2003_237.txt,cot,y,n,y,n,y,y,y,y,n,y
2003_238.txt,cot,y,n,y,y,n,y,n,y,n,y
2003_243.txt,cot,y,y,y,n,n,n,y,y,n,y
2003_240.txt,cot,n,n,y,n,n,y,n,y,n,y
2003_245.txt,cot,n,n,n,n,n,y,n,y,n,y
2003_246.txt,cot,y,n,y,n,y,y,n,y,n,y
2003_248.txt,cot,y,n,y,y,y,y,y,y,n,y
2003_247.txt,cot,y,n,n,n,y,y,n,y,n,y
2003_251.txt,cot,n,n,y,y,y,y,n,y,n,y
2003_249.txt,cot,y,n,n,y,n,y,y,y,n,y
2003_258.txt,cot,y,n,n,y,n,n,n,y,n,y
2003_254.txt,cot,y,y,n,y,n,y,n,y,n,y
2003_235.txt,cot,n,y,n,y,y,n,y,y,n,y
2003_260.txt,cot,y,y,y,n,y,y,n,y,n,y
2003_264.txt,cot,y,y,n,y,y,y,n,y,n,y
2003_267.txt,cot,n,y,y,y,y,y,y,y,n,y
2003_269.txt,cot,n,n,y,n,n,n,y,y,n,y
2003_265.txt,cot,n,n,y,y,n,n,y,y,n,y
2003_273.txt,cot,n,n,n,n,n,n,n,y,n,y
2003_278.txt,cot,y,n,y,y,y,y,y,y,n,y
2003_283.txt,cot,y,n,y,y,y,y,n,y,n,y
2003_279.txt,cot,n,y,n,y,n,n,y,y,n,y
2003_282.txt,cot,n,n,y,y,n,y,n,y,n,y
2003_284.txt,cot,y,n,y,y,n,y,n,y,n,y
2003_285.txt,cot,n,y,y,y,y,y,y,y,n,y
2003_287.txt,cot,n,y,y,y,y,n,n,y,n,y
2003_286.txt,cot,y,n,y,y,n,y,y,y,n,y
2003_291.txt,cot,n,y,y,n,n,n,y,y,n,y
2003_288.txt,cot,n,y,n,n,y,y,n,y,n,y
2003_292.txt,cot,n,y,n,n,n,y,y,y,n,y
2003_296.txt,cot,y,n,y,n,n,n,n,y,n,y
2003_297.txt,cot,n,y,n,n,y,n,n,y,n,y
2003_298.txt,cot,y,y,y,n,y,y,n,y,n,y
2003_293.txt,cot,n,y,n,y,n,n,y,y,n,y
2003_301.txt,cot,y,y,y,y,n,y,n,y,n,y
2003_302.txt,cot,y,y,n,y,y,y,y,n,n,y
2003_308.txt,cot,y,n,n,n,n,n,y,y,n,y
2003_303.txt,cot,n,y,n,y,y,y,y,y,n,y
2003_311.txt,cot,n,n,n,n,y,n,n,y,n,y
2003_309.txt,cot,y,y,n,y,n,n,n,y,n,y
2003_312.txt,cot,n,y,n,n,n,n,y,y,n,y
2003_315.txt,cot,y,n,n,n,n,y,n,y,n,y
2003_313.txt,cot,y,y,y,y,y,n,n,y,n,y
2003_318.txt,cot,n,y,n,n,n,y,n,y,n,y
2003_316.txt,cot,y,n,n,y,n,y,n,y,n,y
2003_320.txt,cot,y,y,n,n,n,y,n,y,n,y
2003_319.txt,cot,n,y,n,n,n,n,y,n,n,y
2003_322.txt,cot,n,n,y,y,n,n,n,y,n,y
2003_321.txt,cot,y,y,n,n,y,y,y,y,n,y
2003_329.txt,cot,y,y,y,y,y,y,n,y,n,y
2003_330.txt,cot,n,n,y,y,y,n,n,y,n,y
2003_323.txt,cot,n,n,n,n,n,y,n,y,n,y
2003_335.txt,cot,y,n,n,n,n,y,n,y,n,y
2003_334.txt,cot,y,n,y,y,y,y,n,y,n,y
2003_340.txt,cot,y,y,n,n,n,y,n,y,n,y
2003_342.txt,cot,n,y,y,y,y,y,y,y,n,y
2003_338.txt,cot,y,y,n,y,n,y,y,y,n,y
2003_341.txt,cot,n,y,n,y,y,y,y,y,n,y
2003_343.txt,cot,y,y,y,y,y,y,n,y,n,y
2003_344.txt,cot,n,y,n,n,n,y,n,y,n,y
2003_346.txt,cot,n,y,y,n,n,y,n,y,n,y
2003_349.txt,cot,n,n,n,y,n,y,n,y,n,y
2003_353.txt,cot,y,y,y,y,n,y,y,y,n,y
2003_351.txt,cot,y,y,y,n,y,y,n,y,n,y
2003_347.txt,cot,y,n,n,y,n,y,n,y,n,y
2003_357.txt,cot,y,n,y,n,y,y,y,y,n,y
2003_336.txt,cot,n,y,y,n,n,y,n,y,n,y
2003_363.txt,cot,y,y,y,y,n,y,n,y,n,y
2003_361.txt,cot,y,n,y,n,n,y,n,y,n,y
2003_362.txt,cot,y,n,y,n,y,y,n,y,n,y
2003_365.txt,cot,n,n,y,y,y,n,n,y,n,y
2003_368.txt,cot,y,n,y,y,y,y,n,y,n,y
2003_366.txt,cot,y,y,y,y,n,y,n,y,n,y
2003_369.txt,cot,y,n,n,y,n,y,n,y,n,y
2003_373.txt,cot,n,y,y,y,n,n,n,y,n,y
2003_364.txt,cot,y,n,y,y,y,y,n,y,n,y
2003_375.txt,cot,y,n,y,y,y,n,y,y,n,y
2003_374.txt,cot,n,y,n,n,n,y,n,y,n,y
2003_376.txt,cot,n,n,n,y,n,n,y,y,n,y
2003_377.txt,cot,y,n,y,y,y,y,n,y,n,y
2003_379.txt,cot,y,y,n,n,y,n,n,y,n,y
2003_392.txt,cot,y,y,y,n,y,n,y,y,n,y
2003_385.txt,cot,y,n,n,n,n,y,y,y,n,y
2003_393.txt,cot,y,n,y,n,n,y,n,y,n,y
2003_399.txt,cot,n,y,y,y,n,y,n,y,n,y
2003_396.txt,cot,y,n,n,y,y,n,y,y,n,y
2003_397.txt,cot,y,n,y,y,y,y,n,y,n,y
2003_400.txt,cot,y,n,n,y,y,n,n,y,n,y
2003_409.txt,cot,y,n,y,n,n,y,n,y,n,y
2003_403.txt,cot,y,y,y,n,y,y,n,y,n,y
2003_410.txt,cot,y,y,y,n,y,y,y,y,n,y
2003_394.txt,cot,n,n,n,y,n,y,n,y,n,y
2003_411.txt,cot,y,y,y,n,y,y,n,y,n,y
2003_413.txt,cot,y,y,y,y,y,y,y,y,n,y
2003_412.txt,cot,n,n,y,y,n,n,n,y,n,y
2003_415.txt,cot,y,n,n,n,y,y,n,y,n,y
2003_421.txt,cot,y,y,n,n,y,y,n,y,n,y
2003_420.txt,cot,n,n,n,n,y,n,n,y,n,y
2003_422.txt,cot,n,y,n,n,y,n,y,y,n,y
2003_425.txt,cot,y,n,n,n,y,n,n,y,n,y
2003_428.txt,cot,n,y,y,y,y,y,n,y,n,y
2003_430.txt,cot,y,n,n,n,y,y,n,y,n,y
2003_431.txt,cot,n,n,y,y,y,n,y,y,n,y
2003_429.txt,cot,y,n,n,n,y,y,n,y,n,y
2003_435.txt,cot,n,y,y,n,y,y,n,y,n,y
2003_444.txt,cot,n,y,n,y,y,y,n,y,n,y
2003_440.txt,cot,n,y,y,n,n,n,y,y,n,y
2003_452.txt,cot,y,y,n,n,n,y,y,y,n,y
2003_470.txt,cot,y,n,y,y,n,y,n,y,n,y
2003_476.txt,cot,n,y,n,n,y,n,y,y,n,y
2003_473.txt,cot,y,y,y,y,y,y,n,y,n,y
2003_484.txt,cot,y,n,y,n,n,y,y,y,n,y
2003_489.txt,cot,n,y,n,n,y,n,y,y,n,y
2003_488.txt,cot,n,y,y,n,n,y,n,y,n,y
2003_491.txt,cot,y,y,y,y,n,y,y,y,n,y
2003_492.txt,cot,y,n,n,n,y,n,n,n,n,y
2003_497.txt,cot,y,n,y,y,n,y,n,y,n,y
2003_493.txt,cot,y,n,n,n,n,n,y,y,n,y
2003_502.txt,cot,y,n,y,n,y,y,n,y,n,y
2003_504.txt,cot,y,n,y,y,y,n,y,y,n,y
2003_509.txt,cot,n,n,n,n,n,y,n,y,n,y
2003_505.txt,cot,n,y,n,n,n,n,y,y,n,y
2003_507.txt,cot,n,y,y,n,n,n,y,y,n,y
2003_510.txt,cot,y,y,n,n,n,y,y,y,n,y
2003_511.txt,cot,n,n,n,n,n,y,n,y,n,y
2003_512.txt,cot,n,n,y,n,y,y,n,y,n,y
2003_513.txt,cot,y,n,n,y,y,n,y,n,n,y
2003_514.txt,cot,n,n,n,n,y,y,n,y,n,y
2003_515.txt,cot,y,n,n,y,n,y,y,y,n,y
2003_530.txt,cot,n,y,n,n,y,y,n,y,n,y
2003_534.txt,cot,n,n,y,n,y,n,n,y,n,y
2003_541.txt,cot,y,n,y,y,y,y,n,y,n,y
2003_544.txt,cot,y,y,n,n,y,y,y,y,n,y
2003_540.txt,cot,n,y,y,n,y,n,y,y,n,y
2003_555.txt,cot,n,n,n,n,n,y,n,y,n,y
2003_554.txt,cot,n,y,n,n,y,n,y,y,y,y
2003_557.txt,cot,y,n,y,y,y,y,n,y,n,y
2003_561.txt,cot,y,n,y,n,y,y,n,y,n,y
2003_545.txt,cot,y,y,y,y,n,y,y,y,n,y
2003_562.txt,cot,n,n,y,n,n,n,y,y,n,y
2003_564.txt,cot,y,y,y,n,n,y,y,y,n,y
2003_565.txt,cot,y,n,n,y,n,y,n,y,n,y
2003_566.txt,cot,y,y,y,y,n,n,n,y,n,y
2003_666.txt,cot,y,n,n,y,y,n,n,y,n,y
2004_2.txt,cot,y,n,y,y,y,n,n,y,n,y
2004_1.txt,cot,y,y,y,n,n,y,n,y,n,y
2004_5.txt,cot,y,y,y,n,n,y,y,y,n,y
2004_8.txt,cot,y,n,n,y,y,n,y,y,n,y
2004_9.txt,cot,y,n,y,y,n,y,n,y,n,y
2004_10.txt,cot,y,y,y,y,y,y,n,y,n,y
2004_18.txt,cot,n,n,y,n,y,n,n,y,n,y
2004_15.txt,cot,y,n,y,y,n,n,y,n,n,y
2004_13.txt,cot,n,n,y,n,n,n,n,y,n,y
2004_16.txt,cot,n,y,y,n,y,y,n,y,n,y
2004_23.txt,cot,y,n,n,y,y,y,n,y,n,y
2004_21.txt,cot,y,y,n,n,n,y,n,y,n,y
2004_22.txt,cot,n,y,n,y,y,n,y,y,n,y
2003_569.txt,cot,n,n,y,n,y,y,n,y,n,y
2004_24.txt,cot,n,n,y,y,y,y,y,y,n,y
2004_26.txt,cot,n,n,n,n,y,n,y,y,n,y
2004_25.txt,cot,n,y,y,n,n,y,n,y,n,y
2004_28.txt,cot,n,y,n,y,y,y,n,y,n,y
2004_29.txt,cot,n,y,n,n,n,n,n,y,n,y
2004_32.txt,cot,y,y,y,n,n,y,n,y,n,y
2004_27.txt,cot,y,y,n,y,y,y,n,y,n,y
2004_33.txt,cot,n,n,n,n,n,y,n,y,n,y
2004_34.txt,cot,n,n,y,y,y,n,n,y,n,y
2004_35.txt,cot,y,n,y,y,n,n,n,y,n,y
2004_37.txt,cot,n,y,n,n,n,y,n,y,n,y
2004_36.txt,cot,y,n,y,y,y,y,n,y,n,y
2004_38.txt,cot,n,y,y,y,n,y,n,y,n,y
2004_39.txt,cot,n,y,n,n,n,y,n,y,n,y
2004_40.txt,cot,n,y,n,n,y,n,n,y,n,y
2004_41.txt,cot,n,n,y,y,y,n,n,y,n,y
2004_42.txt,cot,n,n,n,y,n,y,n,y,n,y
2004_47.txt,cot,y,y,n,n,y,n,n,y,n,y
2004_48.txt,cot,n,y,n,n,y,y,y,y,n,y
2004_46.txt,cot,y,n,y,y,n,y,y,y,n,y
2004_49.txt,cot,n,y,n,n,y,y,n,y,n,y
2004_50.txt,cot,y,n,y,y,n,y,n,y,n,y
2004_52.txt,cot,y,n,y,y,y,y,n,y,n,y
2004_53.txt,cot,n,n,n,y,n,y,n,y,n,y
2004_55.txt,cot,n,y,n,n,y,y,n,y,n,y
2004_57.txt,cot,y,n,y,y,y,y,n,y,n,y
2004_58.txt,cot,y,y,n,n,y,y,n,y,n,y
2004_56.txt,cot,n,y,y,y,n,y,y,y,n,y
2004_61.txt,cot,y,y,y,y,n,n,y,y,y,y
2004_62.txt,cot,n,n,n,y,n,y,n,y,n,y
2004_69.txt,cot,n,n,y,n,y,y,n,y,n,y
2004_75.txt,cot,n,n,y,y,n,y,y,y,n,y
2004_72.txt,cot,n,n,y,y,n,y,n,y,n,y
2004_74.txt,cot,n,n,n,y,y,n,n,y,n,y
2004_84.txt,cot,y,n,y,y,n,n,n,y,n,y
2004_79.txt,cot,n,y,y,n,y,n,n,y,n,y
2004_76.txt,cot,y,y,n,n,y,y,n,y,n,y
2004_64.txt,cot,y,n,y,y,y,y,n,y,n,y
2004_89.txt,cot,y,y,n,n,y,y,n,y,n,y
2004_93.txt,cot,y,y,n,y,y,y,n,y,n,y
2004_94.txt,cot,n,n,y,y,y,y,n,y,n,y
2004_97.txt,cot,y,n,y,n,y,y,n,y,n,y
2004_99.txt,cot,n,y,n,y,n,y,n,y,n,y
2004_85.txt,cot,y,n,n,n,y,y,n,y,n,y
2004_102.txt,cot,y,n,n,y,y,y,n,y,n,y
2004_103.txt,cot,y,n,n,y,y,n,y,y,n,y
2004_101.txt,cot,y,n,y,y,y,y,n,y,n,y
2004_104.txt,cot,y,n,y,n,y,y,n,y,n,y
2004_107.txt,cot,n,y,n,n,n,y,y,n,n,y
2004_109.txt,cot,n,n,n,n,y,y,y,y,n,y
2004_108.txt,cot,n,n,n,n,y,y,n,y,n,y
2004_110.txt,cot,y,y,y,y,n,n,y,y,n,y
2004_114.txt,cot,y,y,n,n,y,n,y,y,n,y
2004_113.txt,cot,n,n,y,n,y,n,n,y,n,y
2004_115.txt,cot,n,n,n,y,n,y,n,y,n,y
2004_122.txt,cot,n,n,n,n,n,n,n,y,n,y
2004_119.txt,cot,y,n,y,y,y,y,n,y,n,y
2004_123.txt,cot,n,y,n,n,y,y,n,y,n,y
2004_124.txt,cot,n,n,y,y,y,n,y,y,n,y
2004_125.txt,cot,n,y,n,n,y,n,n,y,n,y
2004_126.txt,cot,n,n,y,y,y,y,n,y,n,y
2004_127.txt,cot,y,y,n,n,n,y,y,y,n,y
2004_128.txt,cot,y,y,y,y,y,y,n,y,n,y
2004_129.txt,cot,y,y,n,y,y,y,n,y,n,y
2004_132.txt,cot,y,y,y,y,n,y,y,y,n,y
2004_130.txt,cot,y,n,n,y,y,y,n,y,n,y
2004_136.txt,cot,n,y,y,n,n,y,n,y,n,y
2004_133.txt,cot,n,y,y,n,n,y,n,y,n,y
2004_134.txt,cot,y,y,n,y,n,y,n,y,n,y
2004_140.txt,cot,y,n,n,y,y,n,y,y,n,y
2004_141.txt,cot,n,y,y,y,n,y,y,y,n,y
2004_139.txt,cot,n,y,n,n,n,n,n,y,n,y
2004_143.txt,cot,y,n,y,y,n,n,y,y,n,y
2004_142.txt,cot,y,y,y,y,n,y,n,y,n,y
2004_146.txt,cot,y,y,y,y,y,y,n,y,n,y
2004_151.txt,cot,n,n,n,n,n,y,n,y,n,y
2004_147.txt,cot,y,y,n,n,n,n,y,y,n,y
2004_152.txt,cot,y,n,n,y,y,y,n,y,n,y
2004_153.txt,cot,y,y,n,n,y,y,y,y,n,y
2004_154.txt,cot,n,n,n,y,n,n,y,y,n,y
2004_163.txt,cot,n,y,n,y,n,y,y,y,n,y
2004_168.txt,cot,y,n,y,n,y,n,n,y,n,y
2004_167.txt,cot,n,n,y,y,n,y,n,y,n,y
2004_165.txt,cot,n,y,n,n,n,n,y,n,n,y
2004_173.txt,cot,y,n,y,y,y,y,n,y,n,y
2004_174.txt,cot,n,y,y,n,y,y,n,y,n,y
2004_178.txt,cot,n,y,y,n,n,y,n,y,n,y
2004_175.txt,cot,y,n,n,y,n,n,y,y,n,y
2004_181.txt,cot,y,y,y,y,n,y,n,y,n,y
2004_193.txt,cot,n,y,y,n,n,n,y,y,n,y
2004_194.txt,cot,n,y,y,y,n,n,y,y,n,y
2004_195.txt,cot,n,y,y,n,n,y,y,y,n,y
2004_197.txt,cot,n,y,n,n,n,y,n,y,n,y
2004_198.txt,cot,n,n,y,n,n,y,y,y,n,y
2004_199.txt,cot,y,y,n,n,n,y,n,y,n,y
2004_201.txt,cot,y,n,y,y,y,y,n,y,n,y
2004_211.txt,cot,y,n,n,y,n,y,n,y,n,y
2004_215.txt,cot,n,y,y,y,y,y,y,y,n,y
2004_203.txt,cot,n,n,y,y,n,y,n,y,n,y
2004_216.txt,cot,n,y,n,y,y,n,n,y,n,y
2004_217.txt,cot,y,n,y,y,y,n,n,y,n,y
2004_218.txt,cot,n,n,y,y,y,y,n,y,n,y
2004_220.txt,cot,n,n,y,n,y,y,n,y,n,y
2004_219.txt,cot,y,y,y,n,y,n,y,y,n,y
2004_222.txt,cot,n,n,y,n,y,n,y,y,n,y
2004_229.txt,cot,n,n,y,n,n,y,n,y,n,y
2004_232.txt,cot,n,y,n,y,n,y,n,y,n,y
2004_231.txt,cot,y,n,y,y,n,n,y,y,n,y
2004_233.txt,cot,y,n,y,y,y,y,n,y,n,y
2004_236.txt,cot,n,y,y,n,n,n,y,y,n,y
2004_239.txt,cot,y,n,n,y,y,y,n,y,n,y
2004_235.txt,cot,n,y,y,y,n,n,n,y,n,y
2004_241.txt,cot,n,n,y,n,n,y,y,y,n,y
2004_243.txt,cot,n,y,n,y,y,n,n,y,n,y
2004_245.txt,cot,y,n,n,n,n,y,n,y,n,y
2004_244.txt,cot,n,y,n,y,y,n,y,y,n,y
2004_237.txt,cot,y,n,y,y,n,n,y,y,n,y
2004_246.txt,cot,y,y,y,n,y,n,y,y,n,y
2004_248.txt,cot,n,y,n,n,y,y,n,y,n,y
2004_249.txt,cot,y,n,n,n,n,y,n,y,n,y
2004_257.txt,cot,n,y,n,n,n,n,y,n,n,y
2004_259.txt,cot,n,n,y,n,y,y,n,y,n,y
2004_260.txt,cot,n,n,n,y,y,n,y,y,n,y
2004_262.txt,cot,n,n,y,y,n,n,y,y,n,y
2004_265.txt,cot,y,y,n,n,y,y,y,y,n,y
2004_266.txt,cot,n,n,n,n,y,y,n,y,n,y
2004_261.txt,cot,n,y,n,n,n,y,y,y,n,y
2004_267.txt,cot,y,y,n,n,y,y,y,y,n,y
2004_268.txt,cot,n,n,y,y,n,n,y,y,n,y
2004_275.txt,cot,y,y,n,n,y,n,y,y,n,y
2004_270.txt,cot,n,n,y,y,n,n,y,y,n,y
2004_272.txt,cot,n,y,n,y,n,y,n,y,n,y
2004_278.txt,cot,n,n,y,n,n,y,n,y,n,y
2004_279.txt,cot,n,y,y,n,y,y,n,y,n,y
2004_284.txt,cot,y,n,y,y,y,y,n,y,n,y
2004_286.txt,cot,y,n,n,y,y,n,y,y,n,y
2004_280.txt,cot,y,n,y,y,y,n,n,y,n,y
2004_283.txt,cot,n,n,n,n,y,n,n,y,n,y
2004_290.txt,cot,n,y,n,n,n,y,n,y,n,y
2004_292.txt,cot,y,n,y,y,y,y,n,y,n,y
2004_294.txt,cot,n,n,n,y,y,y,y,y,n,y
2004_298.txt,cot,y,y,y,y,y,n,y,y,n,y
2004_295.txt,cot,n,y,y,y,n,y,n,y,n,y
2004_299.txt,cot,y,n,y,n,y,y,y,y,n,y
2004_308.txt,cot,n,n,y,y,y,n,y,y,n,y
2004_303.txt,cot,n,n,y,y,n,y,n,y,n,y
2004_309.txt,cot,y,n,y,y,n,n,y,y,n,y
2004_312.txt,cot,y,n,y,y,n,n,y,y,n,y
2004_311.txt,cot,n,n,n,n,y,n,n,y,n,y
2004_315.txt,cot,n,y,n,n,y,n,n,y,n,y
2004_314.txt,cot,y,y,y,y,n,n,y,y,n,y
2004_317.txt,cot,n,y,n,n,n,n,y,y,n,y
2004_318.txt,cot,y,n,n,n,n,y,n,y,n,y
2004_316.txt,cot,y,n,n,y,n,y,n,y,n,y
2004_321.txt,cot,y,n,n,y,y,y,n,y,n,y
2004_322.txt,cot,y,n,n,n,y,y,n,y,n,y
2004_323.txt,cot,n,y,n,n,n,y,y,y,n,y
2004_328.txt,cot,n,y,n,n,y,y,y,y,n,y
2004_324.txt,cot,y,y,n,n,y,n,n,y,n,y
2004_327.txt,cot,y,y,n,y,y,n,y,y,n,y
2004_330.txt,cot,y,y,y,y,y,n,y,y,n,y
2004_329.txt,cot,n,y,n,n,n,n,y,y,n,y
2004_333.txt,cot,y,y,y,n,y,y,n,y,n,y
2004_334.txt,cot,y,n,n,n,y,y,n,y,n,y
2004_339.txt,cot,n,n,y,y,n,y,n,y,n,y
2004_341.txt,cot,n,n,n,n,n,n,n,y,n,y
2004_347.txt,cot,y,y,y,y,n,y,n,y,n,y
2004_344.txt,cot,y,n,y,y,y,y,y,y,n,y
2004_345.txt,cot,n,y,n,n,y,n,y,y,n,y
2004_348.txt,cot,n,n,n,n,n,y,n,y,n,y
2004_343.txt,cot,n,n,n,y,y,n,n,y,n,y
2004_352.txt,cot,n,n,y,n,y,y,n,y,n,y
2004_351.txt,cot,n,n,n,n,y,y,n,y,n,y
2004_350.txt,cot,y,y,y,n,n,y,n,y,n,y
2004_355.txt,cot,y,n,y,y,y,y,n,y,n,y
2004_359.txt,cot,y,y,y,y,n,n,y,n,n,y
2004_356.txt,cot,y,n,y,y,y,y,y,y,n,y
2004_357.txt,cot,n,y,n,n,n,y,n,y,n,y
2004_354.txt,cot,n,y,y,y,n,y,n,y,n,y
2004_361.txt,cot,n,y,n,y,y,n,n,y,n,y
2004_362.txt,cot,n,n,y,y,n,y,n,y,n,y
2004_364.txt,cot,y,n,y,y,n,y,y,y,n,y
2004_368.txt,cot,n,y,n,n,n,n,n,y,n,y
2004_372.txt,cot,n,n,y,y,y,y,n,y,n,y
2004_374.txt,cot,y,y,y,y,y,y,n,y,n,y
2004_373.txt,cot,n,y,n,n,n,y,n,y,n,y
2004_376.txt,cot,n,y,y,y,n,y,n,y,n,y
2004_375.txt,cot,n,y,n,n,n,n,y,y,n,y
2004_377.txt,cot,n,y,n,y,n,n,n,y,n,y
2004_380.txt,cot,n,y,y,y,n,n,y,y,n,y
2004_382.txt,cot,y,n,y,y,y,n,y,y,n,y
2004_378.txt,cot,n,n,n,y,y,y,n,y,n,y
2004_384.txt,cot,n,n,n,n,n,y,n,y,n,y
2004_386.txt,cot,y,y,n,n,y,n,y,y,n,y
2004_385.txt,cot,y,y,n,y,y,n,y,y,n,y
2004_387.txt,cot,y,n,n,y,y,n,n,y,n,y
2004_388.txt,cot,n,n,n,n,n,n,n,y,n,y
2004_391.txt,cot,n,y,n,n,y,y,y,y,n,y
2004_392.txt,cot,y,y,y,y,y,y,y,y,n,y
2004_390.txt,cot,n,y,y,y,y,y,n,y,n,y
2004_394.txt,cot,n,n,n,n,n,n,n,y,n,y
2004_409.txt,cot,y,n,y,n,y,y,y,y,n,y
2004_405.txt,cot,n,n,y,n,y,y,n,y,n,y
2004_404.txt,cot,n,y,n,n,y,y,n,y,n,y
2004_414.txt,cot,y,y,n,n,y,n,n,y,n,y
2004_420.txt,cot,y,n,y,y,y,y,n,y,n,y
2004_417.txt,cot,y,y,y,n,y,y,n,y,n,y
2004_416.txt,cot,y,n,y,y,n,y,n,y,n,y
2004_421.txt,cot,n,y,n,n,y,y,y,y,n,y
2004_422.txt,cot,y,y,n,n,n,y,n,y,n,y
2004_440.txt,cot,n,n,y,y,n,y,y,y,n,y
2004_439.txt,cot,n,n,y,y,n,n,y,y,n,y
2004_447.txt,cot,n,y,n,y,y,y,n,y,n,y
2004_432.txt,cot,n,y,n,n,y,y,n,y,n,y
2004_448.txt,cot,n,n,y,y,y,y,n,y,n,y
2004_450.txt,cot,y,n,y,y,y,y,n,y,n,y
2004_451.txt,cot,n,y,n,y,n,n,y,y,n,y
2004_453.txt,cot,y,n,y,y,n,n,y,y,n,y
2004_456.txt,cot,y,n,n,n,y,y,n,y,n,y
2004_452.txt,cot,n,y,n,n,n,y,n,y,n,y
2004_455.txt,cot,n,n,n,n,n,y,y,y,n,y
2004_458.txt,cot,n,y,n,n,y,n,y,y,n,y
2004_460.txt,cot,y,y,y,y,n,n,y,n,n,y
2004_461.txt,cot,y,y,y,n,y,y,n,y,n,y
2004_462.txt,cot,y,n,n,n,n,y,n,y,n,y
2004_464.txt,cot,y,n,n,n,n,y,n,y,n,y
2004_467.txt,cot,y,y,y,y,y,y,n,y,n,y
2004_468.txt,cot,y,y,n,n,y,y,y,y,n,y
2004_457.txt,cot,n,y,n,n,n,n,y,y,n,y
2004_470.txt,cot,y,y,y,y,n,y,n,y,n,y
2004_472.txt,cot,y,n,y,n,y,y,y,y,n,y
2004_471.txt,cot,y,n,y,n,y,y,n,y,n,y
2004_476.txt,cot,y,n,y,n,y,y,n,y,n,y
2004_478.txt,cot,y,n,n,n,n,y,n,y,n,y
2004_480.txt,cot,n,y,n,n,n,y,n,y,n,y
2004_481.txt,cot,n,n,y,y,n,n,y,y,n,y
2004_482.txt,cot,y,n,n,y,n,y,n,y,n,y
2004_475.txt,cot,y,n,y,y,y,y,n,y,n,y
2004_483.txt,cot,n,y,n,n,y,y,n,y,n,y
2004_487.txt,cot,y,y,n,n,n,y,n,y,n,y
2004_484.txt,cot,y,y,y,n,n,y,n,y,n,y
2004_490.txt,cot,n,n,y,n,y,n,y,y,n,y
2004_492.txt,cot,y,n,n,y,y,y,n,y,n,y
2004_494.txt,cot,y,y,n,n,y,y,y,y,n,y
2004_497.txt,cot,n,n,y,n,n,n,y,y,n,y
2004_498.txt,cot,n,y,n,n,y,y,y,y,n,y
2004_499.txt,cot,n,y,y,n,y,y,n,y,n,y
2004_493.txt,cot,n,y,n,y,n,n,n,y,n,y
